IDENT, ,LATITUDE, ,LONGITUDE
 ,,,,
03MCT, ,"55° 08' 12.00"" N", ,"007° 11' 29.00"" W"
24DUB, ,"55° 05' 02.00"" N", ,"008° 34' 26.00"" W"
26DUB, ,"55° 10' 15.00"" N", ,"008° 27' 42.00"" W"
31MCT, ,"55° 21' 56.00"" N", ,"007° 54' 17.00"" W"
ABAPO, ,"52° 6' 10.00"" N", ,"4° 48' 12.00"" W"
ABBOT, ,"52° 0' 58.00"" N", ,"0° 35' 58.00"" E"
ABD01, ,"57° 10' 43.77"" N", ,"002° 10' 50.13"" W"
ABD04, ,"57° 09' 48.24"" N", ,"002° 10' 08.96"" W"
ABD07, ,"57° 05' 10.50"" N", ,"002° 06' 43.62"" W"
ABDUK, ,"51° 38' 34.00"" N", ,"3° 48' 1.00"" W"
ABEDA, ,"52° 19' 40.00"" N", ,"1° 52' 16.00"" E"
ABKAT, ,"54° 8' 53.00"" N", ,"1° 58' 47.00"" W"
ABLIN, ,"52° 46' 58.00"" N", ,"4° 59' 33.00"" W"
ABSUN, ,"54° 17' 32.00"" N", ,"6° 15' 18.00"" W"
ABTIN, ,"52° 25' 29.49"" N", ,"000° 35' 11.69"" E"
ADELU, ,"53° 26' 30.00"" N", ,"1° 32' 13.00"" W"
ADMIS, ,"51° 59' 49.00"" N", ,"0° 10' 36.00"" E"
ADN24, ,"56° 55' 32.00"" N", ,"002° 06' 59.00"" W"
ADN25, ,"57° 14' 53.18"" N", ,"002° 13' 55.88"" W"
ADN26, ,"56° 57' 34.70"" N", ,"002° 43' 57.92"" W"
ADN30, ,"56° 49' 21.00"" N", ,"002° 04' 35.00"" W"
ADN40, ,"56° 39' 35.00"" N", ,"002° 00' 50.00"" W"
ADN45, ,"57° 14' 24.81"" N", ,"002° 13' 12.05"" W"
ADN50, ,"57° 13' 02.14"" N", ,"002° 12' 33.26"" W"
ADN63, ,"57° 18' 24.11"" N", ,"002° 16' 33.24"" W"
ADNAM, ,"52° 6' 17.00"" N", ,"0° 44' 19.00"" E"
ADVUL, ,"52° 23' 53.59"" N", ,"000° 31' 50.92"" E"
AKIVO, ,"59° 57' 52.00"" N", ,"9° 30' 0.00"" W"
AKOKO, ,"53° 14' 16.00"" N", ,"3° 12' 7.00"" E"
AKUPA, ,"52° 29' 12.00"" N", ,"1° 5' 28.00"" W"
ALASO, ,"55° 26' 50.00"" N", ,"1° 33' 54.00"" W"
ALKIN, ,"51° 23' 26.00"" N", ,"0° 11' 41.00"" E"
ALPHA, ,"56° 24' 49.00"" N", ,"002° 19' 53.00"" W"
ALUTA, ,"49° 0' 19.00"" N", ,"7° 29' 53.00"" W"
ALVIN, ,"51° 39' 45.00"" N", ,"2° 40' 42.00"" W"
AMMAN, ,"51° 50' 26.00"" N", ,"3° 59' 54.00"" W"
AMRAL, ,"52° 6' 53.00"" N", ,"2° 54' 33.00"" W"
AMVEL, ,"53° 11' 3.00"" N", ,"0° 1' 55.00"" W"
ANGUS, ,"56° 41' 39.00"" N", ,"3° 3' 20.00"" W"
ANNET, ,"49° 39' 5.00"" N", ,"4° 0' 5.00"" W"
ANTEE, ,"52° 23' 38.95"" N", ,"000° 09' 56.94"" E"
APPLE, ,"54° 30' 0.00"" N", ,"2° 30' 50.00"" W"
ARSAT, ,"54° 32' 6.00"" N", ,"1° 44' 19.00"" W"
ARTEX, ,"56° 53' 41.00"" N", ,"3° 57' 38.00"" E"
ARTIX, ,"53° 23' 42.00"" N", ,"1° 2' 9.00"" W"
ARTOV, ,"51° 54' 19.00"" N", ,"1° 25' 33.00"" E"
ASKAM, ,"54° 57' 47.00"" N", ,"3° 13' 50.00"" E"
ASNIP, ,"53° 28' 43.00"" N", ,"2° 54' 26.00"" W"
ASPEN, ,"50° 17' 34.00"" N", ,"1° 48' 20.00"" W"
ASRAM, ,"52° 32' 50.23"" N", ,"000° 56' 59.76"" E"
ATF05, ,"57° 10' 45.44"" N", ,"002° 10' 52.60"" W"
ATSIX, ,"60° 0' 0.00"" N", ,"10° 0' 0.00"" W"
AVANT, ,"50° 49' 12.00"" N", ,"0° 56' 18.00"" W"
BABAX, ,"50° 25' 11.00"" N", ,"3° 48' 17.00"" W"
BABRA, ,"53° 37' 39.00"" N", ,"3° 56' 43.00"" W"
BADIM, ,"51° 38' 38.00"" N", ,"2° 30' 40.00"" W"
BADSI, ,"52° 39' 30.00"" N", ,"4° 46' 17.00"" W"
BAGSO, ,"53° 40' 48.00"" N", ,"5° 30' 0.00"" W"
BAKDI, ,"52° 27' 52.69"" N", ,"000° 42' 47.49"" E"
BAKER, ,"51° 29' 42.00"" N", ,"0° 17' 53.00"" E"
BALDO, ,"52° 20' 15.23"" N", ,"000° 37' 02.92"" E"
BALID, ,"56° 29' 49.00"" N", ,"1° 57' 7.00"" W"
BALIX, ,"59° 0' 0.00"" N", ,"10° 0' 0.00"" W"
BAMRA, ,"59° 25' 60.00"" N", ,"3° 57' 10.00"" W"
BANEM, ,"52° 20' 8.00"" N", ,"1° 30' 19.00"" E"
BANTO, ,"52° 21' 28.00"" N", ,"0° 13' 57.00"" W"
BAPLA, ,"51° 41' 03.26"" N", ,"001° 45' 16.88"" W"
BAPVI, ,"52° 26' 52.98"" N", ,"000° 39' 57.42"" E"
BARKU, ,"60° 36' 18.00"" N", ,"9° 24' 36.00"" W"
BARMI, ,"52° 28' 42.00"" N", ,"2° 34' 14.00"" E"
BARTN, ,"53° 28' 14.00"" N", ,"2° 25' 41.00"" W"
BASET, ,"51° 33' 50.00"" N", ,"1° 42' 36.00"" W"
BASID, ,"52° 23' 57.71"" N", ,"000° 38' 33.08"" E"
BATLI, ,"53° 38' 45.00"" N", ,"1° 21' 37.00"" W"
BCN05, ,"51° 48' 31.00"" N", ,"003° 15' 25.00"" W"
BCN06, ,"51° 38' 34.00"" N", ,"003° 16' 40.00"" W"
BCN10, ,"51° 53' 30.00"" N", ,"003° 15' 02.00"" W"
BCN15, ,"51° 47' 14.00"" N", ,"003° 39' 10.00"" W"
BCN23, ,"51° 49' 10.00"" N", ,"003° 51' 41.00"" W"
BCN24, ,"52° 08' 03.00"" N", ,"003° 13' 57.00"" W"
BCN25, ,"52° 42' 54.00"" N", ,"003° 02' 03.00"" W"
BCN65, ,"52° 48' 27.00"" N", ,"003° 06' 24.00"" W"
BEDEK, ,"51° 22' 15.00"" N", ,"1° 33' 31.00"" W"
BEDFO, ,"52° 13' 30.00"" N", ,"0° 33' 48.00"" W"
BEDNO, ,"51° 41' 01.68"" N", ,"001° 53' 47.88"" W"
BEECH, ,"50° 28' 14.00"" N", ,"0° 12' 36.00"" E"
BEGAM, ,"54° 9' 25.00"" N", ,"2° 7' 15.00"" W"
BEGTO, ,"50° 45' 45.00"" N", ,"1° 14' 8.00"" W"
BEKET, ,"58° 53' 13.00"" N", ,"1° 31' 20.00"" W"
BEKMO, ,"52° 59' 10.00"" N", ,"2° 37' 10.00"" E"
BEKSA, ,"51° 49' 4.00"" N", ,"2° 32' 46.00"" W"
BEL44, ,"55° 03' 39.00"" N", ,"007° 17' 46.00"" W"
BEL45, ,"55° 15' 01.00"" N", ,"007° 01' 59.00"" W"
BEL50, ,"54° 48' 11.00"" N", ,"007° 38' 56.00"" W"
BEL54, ,"54° 18' 06.31"" N", ,"004° 48' 56.98"" W"
BEL56, ,"55° 23' 53.00"" N", ,"007° 14' 23.00"" W"
BEL66, ,"54° 28' 42.31"" N", ,"008° 05' 09.18"" W"
BEL67, ,"54° 27' 56.31"" N", ,"008° 06' 10.17"" W"
BEL73, ,"54° 06' 51.37"" N", ,"004° 22' 18.11"" W"
BEL76, ,"55° 20' 54.00"" N", ,"008° 05' 31.00"" W"
BEL88, ,"53° 58' 42.00"" N", ,"004° 02' 50.00"" W"
BEL91, ,"54° 54' 20.00"" N", ,"008° 48' 09.00"" W"
BEL98, ,"54° 44' 36.00"" N", ,"009° 02' 15.00"" W"
BELOX, ,"53° 53' 16.00"" N", ,"3° 29' 23.00"" W"
BENBO, ,"50° 27' 5.00"" N", ,"0° 0' 37.00"" E"
BENIB, ,"52° 25' 29.27"" N", ,"000° 35' 59.53"" E"
BENSU, ,"51° 34' 44.00"" N", ,"0° 55' 8.00"" W"
BEREK, ,"51° 39' 22.00"" N", ,"1° 5' 49.00"" W"
BERUL, ,"52° 40' 16.00"" N", ,"3° 31' 13.00"" W"
BESGA, ,"60° 47' 23.00"" N", ,"7° 54' 46.00"" W"
BETAX, ,"53° 0' 33.00"" N", ,"0° 54' 3.00"" W"
BEVAM, ,"55° 43' 53.00"" N", ,"0° 15' 3.00"" E"
BEVEL, ,"50° 24' 54.00"" N", ,"1° 59' 7.00"" W"
BEWLI, ,"50° 45' 31.00"" N", ,"1° 48' 37.00"" W"
BHD41, ,"52° 42' 38.00"" N", ,"002° 53' 15.00"" W"
BHD46, ,"52° 48' 04.00"" N", ,"002° 53' 34.00"" W"
BHX00, ,"52° 26' 52.44"" N", ,"001° 44' 37.36"" W"
BHX01, ,"52° 27' 45.90"" N", ,"001° 45' 34.74"" W"
BHX04, ,"52° 31' 22.63"" N", ,"001° 48' 52.98"" W"
BHX07, ,"52° 21' 26.26"" N", ,"001° 37' 27.21"" W"
BHX15, ,"52° 35' 44.48"" N", ,"001° 52' 52.45"" W"
BHX16, ,"52° 20' 16.64"" N", ,"001° 40' 44.80"" W"
BHX17, ,"52° 19' 51.12"" N", ,"001° 43' 25.69"" W"
BHX24, ,"52° 34' 41.05"" N", ,"001° 55' 22.97"" W"
BHX31, ,"52° 33' 59.38"" N", ,"001° 56' 35.80"" W"
BHX45, ,"52° 22' 54.95"" N", ,"001° 39' 23.84"" W"
BHX56, ,"52° 20' 31.76"" N", ,"001° 39' 47.65"" W"
BHX60, ,"52° 33' 44.05"" N", ,"001° 51' 02.19"" W"
BHX67, ,"52° 19' 57.95"" N", ,"001° 42' 24.45"" W"
BIG02, ,"51° 18' 03.34"" N", ,"000° 00' 41.45"" E"
BIG03, ,"51° 22' 58.94"" N", ,"000° 04' 24.09"" E"
BIG04, ,"51° 23' 52.71"" N", ,"000° 05' 06.29"" E"
BIG05, ,"51° 20' 44.27"" N", ,"000° 02' 38.53"" E"
BIG07, ,"51° 26' 20.02"" N", ,"000° 06' 16.75"" E"
BIG17, ,"51° 26' 09.67"" N", ,"000° 06' 54.26"" E"
BIG30, ,"51° 45' 30.54"" N", ,"000° 22' 47.65"" W"
BIG31, ,"51° 43' 43.48"" N", ,"000° 49' 19.44"" W"
BIG40, ,"51° 47' 54.00"" N", ,"000° 43' 28.00"" W"
BIG41, ,"51° 11' 49.00"" N", ,"001° 06' 00.00"" E"
BIG42, ,"51° 25' 21.73"" N", ,"000° 08' 58.68"" E"
BIG45, ,"51° 24' 01.32"" N", ,"000° 04' 46.93"" E"
BIGNO, ,"50° 0' 0.00"" N", ,"2° 49' 30.00"" W"
BILLY, ,"60° 1' 11.00"" N", ,"8° 34' 8.00"" W"
BILNI, ,"50° 40' 31.00"" N", ,"2° 7' 33.00"" W"
BILVO, ,"53° 43' 52.00"" N", ,"3° 11' 9.00"" W"
BINBO, ,"53° 24' 6.00"" N", ,"3° 20' 29.00"" E"
BINTI, ,"54° 33' 45.00"" N", ,"1° 59' 45.00"" W"
BKY02, ,"51° 59' 02.13"" N", ,"000° 06' 54.27"" E"
BKY03, ,"52° 02' 22.44"" N", ,"000° 03' 22.65"" E"
BKY05, ,"51° 54' 27.74"" N", ,"000° 05' 07.17"" E"
BKY06, ,"52° 05' 22.71"" N", ,"000° 03' 53.19"" E"
BKY07, ,"52° 06' 21.70"" N", ,"000° 02' 55.45"" E"
BKY08, ,"51° 51' 29.19"" N", ,"000° 05' 44.19"" E"
BKY10, ,"51° 58' 09.59"" N", ,"000° 14' 52.22"" E"
BKY14, ,"51° 53' 39.75"" N", ,"000° 24' 22.53"" E"
BKY16, ,"52° 01' 03.42"" N", ,"000° 30' 17.74"" E"
BKY17, ,"51° 57' 24.90"" N", ,"000° 04' 16.71"" E"
BKY19, ,"51° 52' 25.72"" N", ,"000° 28' 47.46"" E"
BKY20, ,"51° 32' 27.13"" N", ,"000° 28' 56.42"" W"
BKY22, ,"52° 01' 38.36"" N", ,"000° 39' 56.66"" E"
BKY25, ,"51° 36' 00.72"" N", ,"000° 12' 36.05"" W"
BKY26, ,"51° 58' 20.40"" N", ,"000° 04' 11.82"" W"
BKY50, ,"51° 58' 25.53"" N", ,"000° 11' 39.52"" E"
BKY51, ,"52° 00' 54.48"" N", ,"000° 27' 51.71"" E"
BKY55, ,"51° 58' 30.67"" N", ,"000° 11' 41.08"" E"
BKY60, ,"51° 33' 55.70"" N", ,"000° 21' 47.85"" W"
BKY67, ,"51° 58' 41.00"" N", ,"000° 04' 17.76"" W"
BKY70, ,"52° 03' 25.95"" N", ,"000° 18' 31.59"" E"
BKY71, ,"52° 03' 50.14"" N", ,"000° 20' 00.60"" E"
BKY80, ,"51° 51' 30.57"" N", ,"000° 05' 57.53"" E"
BKY97, ,"51° 51' 35.56"" N", ,"000° 00' 48.72"" E"
BKY98, ,"51° 47' 41.82"" N", ,"000° 00' 38.04"" W"
BLACA, ,"54° 52' 60.00"" N", ,"5° 9' 32.00"" W"
BNN04, ,"51° 42' 11.81"" N", ,"000° 26' 56.25"" W"
BNN08, ,"51° 35' 46.54"" N", ,"000° 30' 05.73"" W"
BNN30, ,"51° 46' 33.78"" N", ,"000° 33' 09.12"" W"
BNN60, ,"51° 37' 42.06"" N", ,"000° 30' 58.81"" W"
BNN61, ,"51° 49' 33.56"" N", ,"000° 33' 19.26"" W"
BNN80, ,"51° 35' 44.74"" N", ,"000° 30' 18.86"" W"
BODSO, ,"53° 3' 8.00"" N", ,"2° 5' 41.00"" E"
BOGMI, ,"50° 59' 53.00"" N", ,"7° 12' 17.00"" W"
BOGNA, ,"50° 42' 7.00"" N", ,"0° 15' 6.00"" W"
BOLBI, ,"53° 28' 0.00"" N", ,"1° 48' 45.00"" W"
BOMBO, ,"51° 59' 44.00"" N", ,"0° 23' 47.00"" W"
BONBY, ,"57° 53' 30.00"" N", ,"4° 20' 36.00"" W"
BOYNE, ,"53° 46' 2.00"" N", ,"5° 30' 0.00"" W"
BPK05, ,"51° 48' 45.16"" N", ,"000° 01' 06.66"" W"
BPK07, ,"51° 44' 14.59"" N", ,"000° 04' 48.36"" E"
BPK09, ,"51° 51' 45.91"" N", ,"000° 03' 07.85"" E"
BPK18, ,"51° 58' 32.03"" N", ,"000° 12' 42.56"" E"
BPK21, ,"52° 03' 00.00"" N", ,"000° 23' 38.00"" W"
BPK24, ,"51° 43' 34.47"" N", ,"000° 10' 39.76"" W"
BPK26, ,"52° 07' 39.00"" N", ,"000° 28' 07.00"" W"
BPK86, ,"51° 45' 56.89"" N", ,"000° 04' 45.90"" E"
BRAIN, ,"51° 48' 40.00"" N", ,"0° 39' 6.00"" E"
BRASO, ,"51° 41' 7.00"" N", ,"0° 40' 60.00"" E"
BRIPO, ,"50° 42' 27.00"" N", ,"2° 45' 0.00"" W"
BRUCE, ,"56° 14' 11.00"" N", ,"5° 50' 28.00"" W"
BUDON, ,"57° 42' 7.00"" N", ,"0° 33' 43.00"" W"
BUKUT, ,"52° 45' 30.00"" N", ,"2° 48' 2.00"" E"
BUMUX, ,"50° 48' 16.00"" N", ,"3° 20' 58.00"" W"
BUSIP, ,"51° 40' 57.63"" N", ,"001° 49' 46.95"" W"
BUSTA, ,"52° 5' 34.00"" N", ,"0° 4' 4.00"" E"
BUZAD, ,"51° 56' 32.00"" N", ,"0° 33' 8.00"" W"
BZN01, ,"51° 44' 27.21"" N", ,"001° 37' 39.53"" W"
BZN02, ,"51° 44' 40.92"" N", ,"001° 33' 00.78"" W"
BZN03, ,"51° 45' 12.18"" N", ,"001° 41' 00.84"" W"
BZN09, ,"51° 47' 39.34"" N", ,"001° 22' 25.62"" W"
BZN10, ,"51° 44' 05.60"" N", ,"001° 21' 47.49"" W"
BZN21, ,"51° 45' 20.45"" N", ,"001° 32' 54.79"" W"
BZN25, ,"51° 43' 34.60"" N", ,"001° 40' 32.96"" W"
BZN26, ,"51° 45' 30.84"" N", ,"001° 32' 09.10"" W"
BZN28, ,"51° 45' 34.57"" N", ,"001° 49' 02.34"" W"
BZN43, ,"51° 46' 35.74"" N", ,"001° 26' 17.09"" W"
BZN50, ,"51° 41' 22.77"" N", ,"001° 47' 46.03"" W"
BZN77, ,"51° 46' 06.87"" N", ,"001° 28' 24.66"" W"
BZN97, ,"51° 45' 18.85"" N", ,"001° 33' 04.07"" W"
BZN98, ,"51° 44' 39.48"" N", ,"001° 36' 55.80"" W"
BZN99, ,"51° 43' 27.62"" N", ,"001° 43' 55.11"" W"
CALDA, ,"53° 46' 27.00"" N", ,"2° 38' 38.00"" W"
CAMBO, ,"49° 17' 30.00"" N", ,"5° 51' 35.00"" W"
CAMRA, ,"50° 37' 25.00"" N", ,"0° 6' 25.00"" W"
CARDZ, ,"52° 18' 55.46"" N", ,"000° 48' 17.30"" E"
CASEY, ,"52° 0' 31.00"" N", ,"0° 34' 59.00"" E"
CAVIM, ,"52° 22' 59.96"" N", ,"000° 20' 15.55"" E"
CFD13, ,"52° 15' 45.00"" N", ,"000° 26' 30.00"" W"
CFD33, ,"52° 21' 22.00"" N", ,"000° 09' 56.00"" E"
CGY02, ,"53° 06' 12.44"" N", ,"000° 07' 03.57"" W"
CGY04, ,"53° 06' 57.20"" N", ,"000° 03' 58.87"" W"
CGY09, ,"53° 08' 48.77"" N", ,"000° 03' 43.35"" E"
CGY20, ,"53° 12' 52.45"" N", ,"000° 20' 42.56"" E"
CHASE, ,"52° 36' 48.00"" N", ,"1° 55' 2.00"" W"
CHINN, ,"57° 57' 51.00"" N", ,"4° 11' 17.00"" W"
CHIPP, ,"52° 19' 01.62"" N", ,"000° 48' 14.23"" E"
CLIPY, ,"52° 0' 3.00"" N", ,"1° 5' 9.00"" W"
CLN10, ,"51° 47' 13.00"" N", ,"001° 25' 58.00"" E"
CLN13, ,"51° 49' 58.06"" N", ,"000° 47' 56.26"" E"
CLN16, ,"51° 49' 44.56"" N", ,"000° 43' 06.74"" E"
CLN21, ,"51° 49' 21.67"" N", ,"000° 35' 05.68"" E"
CLN23, ,"52° 06' 12.00"" N", ,"001° 38' 00.00"" E"
CLN28, ,"51° 48' 48.56"" N", ,"000° 23' 49.15"" E"
CLN33, ,"52° 14' 43.00"" N", ,"001° 47' 00.00"" E"
CLN42, ,"52° 22' 02.00"" N", ,"001° 54' 47.00"" E"
CLYDE, ,"55° 57' 48.00"" N", ,"4° 47' 32.00"" W"
COVEN, ,"52° 14' 04.18"" N", ,"000° 46' 23.06"" E"
COWLY, ,"51° 36' 58.00"" N", ,"1° 3' 54.00"" W"
CPT11, ,"51° 37' 31.47"" N", ,"001° 01' 08.73"" W"
CPT27, ,"51° 38' 40.00"" N", ,"001° 54' 12.00"" W"
CPT30, ,"51° 58' 54.31"" N", ,"001° 22' 26.47"" W"
CPT37, ,"51° 42' 30.94"" N", ,"002° 08' 22.61"" W"
CPT51, ,"52° 21' 26.34"" N", ,"001° 29' 40.61"" W"
CPT53, ,"52° 23' 23.88"" N", ,"001° 30' 18.71"" W"
CROFT, ,"53° 37' 37.00"" N", ,"2° 32' 20.00"" W"
CSL39, ,"52° 24' 04.00"" N", ,"002° 16' 17.00"" E"
CSL47, ,"52° 23' 41.00"" N", ,"002° 30' 09.00"" E"
CTM03, ,"52° 45' 33.55"" N", ,"000° 34' 40.38"" W"
CTM08, ,"52° 50' 16.11"" N", ,"000° 30' 33.22"" W"
CTM11, ,"52° 52' 33.53"" N", ,"000° 27' 21.82"" W"
CTM15, ,"52° 45' 18.08"" N", ,"000° 37' 26.77"" W"
CTM25, ,"52° 46' 03.96"" N", ,"000° 36' 23.25"" W"
CTM46, ,"52° 42' 44.79"" N", ,"000° 43' 23.30"" W"
CTM66, ,"52° 49' 17.57"" N", ,"000° 23' 01.42"" W"
CUMBO, ,"55° 56' 34.00"" N", ,"3° 57' 32.00"" W"
CUTEL, ,"55° 53' 9.00"" N", ,"2° 22' 28.00"" E"
CWL01, ,"53° 01' 56.83"" N", ,"000° 27' 31.10"" W"
CWL06, ,"53° 03' 32.35"" N", ,"000° 19' 39.65"" W"
CWL09, ,"53° 01' 49.49"" N", ,"000° 14' 13.53"" W"
CWZ02, ,"53° 01' 31.86"" N", ,"000° 32' 25.63"" W"
CWZ15, ,"53° 01' 36.09"" N", ,"000° 31' 36.43"" W"
DAGGA, ,"51° 49' 19.00"" N", ,"0° 47' 39.00"" E"
DAVOT, ,"57° 20' 42.00"" N", ,"4° 5' 29.00"" W"
DAWLY, ,"50° 34' 27.00"" N", ,"3° 27' 50.00"" W"
DCS19, ,"54° 56' 32.00"" N", ,"003° 44' 15.00"" W"
DCS20, ,"55° 03' 21.00"" N", ,"003° 20' 45.00"" W"
DCS36, ,"55° 08' 26.00"" N", ,"004° 06' 03.00"" W"
DCS37, ,"54° 13' 40.00"" N", ,"002° 42' 22.00"" W"
DCS47, ,"54° 00' 10.00"" N", ,"002° 48' 32.00"" W"
DCS53, ,"53° 54' 40.00"" N", ,"002° 44' 33.00"" W"
DDE01, ,"56° 27' 10.52"" N", ,"003° 04' 01.57"" W"
DDE02, ,"56° 27' 11.62"" N", ,"003° 05' 49.61"" W"
DDE03, ,"56° 27' 12.70"" N", ,"003° 07' 37.80"" W"
DDE06, ,"56° 27' 16.46"" N", ,"003° 14' 17.76"" W"
DDE86, ,"56° 27' 17.69"" N", ,"003° 16' 38.34"" W"
DENBY, ,"53° 31' 13.00"" N", ,"1° 57' 40.00"" W"
DENOG, ,"57° 25' 53.00"" N", ,"1° 45' 16.00"" W"
DESAP, ,"51° 41' 12.87"" N", ,"001° 37' 16.73"" W"
DESIG, ,"53° 31' 38.00"" N", ,"1° 53' 34.00"" W"
DET02, ,"51° 50' 11.71"" N", ,"000° 34' 01.91"" E"
DET03, ,"51° 50' 12.60"" N", ,"000° 34' 55.94"" E"
DET04, ,"51° 21' 06.00"" N", ,"000° 31' 23.00"" E"
DET25, ,"51° 40' 28.34"" N", ,"000° 17' 35.36"" E"
DET29, ,"51° 33' 22.00"" N", ,"001° 16' 17.00"" E"
DET30, ,"51° 44' 54.86"" N", ,"000° 13' 54.28"" E"
DEVAL, ,"50° 51' 25.00"" N", ,"1° 28' 0.00"" E"
DEVBI, ,"60° 42' 54.00"" N", ,"8° 46' 10.00"" W"
DEVOM, ,"50° 43' 18.00"" N", ,"3° 45' 19.00"" W"
DIBAL, ,"52° 47' 50.00"" N", ,"2° 30' 0.00"" E"
DIDEL, ,"50° 50' 35.00"" N", ,"3° 59' 50.00"" W"
DIGBI, ,"55° 11' 6.00"" N", ,"1° 3' 1.00"" W"
DIGUT, ,"51° 39' 1.00"" N", ,"1° 17' 59.00"" W"
DIKAS, ,"51° 46' 37.00"" N", ,"3° 15' 33.00"" W"
DIMLI, ,"54° 56' 47.00"" N", ,"6° 36' 55.00"" W"
DIRGI, ,"60° 37' 17.00"" N", ,"6° 27' 14.00"" W"
DISAL, ,"53° 17' 29.00"" N", ,"1° 37' 51.00"" W"
DISIT, ,"52° 6' 11.00"" N", ,"1° 42' 41.00"" W"
DISRI, ,"51° 51' 28.43"" N", ,"001° 30' 44.98"" W"
DITOB, ,"52° 17' 1.00"" N", ,"1° 49' 27.00"" E"
DND01, ,"56° 27' 13.09"" N", ,"003° 04' 01.38"" W"
DND03, ,"56° 27' 19.53"" N", ,"003° 07' 37.40"" W"
DND05, ,"56° 27' 26.37"" N", ,"003° 11' 30.63"" W"
DND08, ,"56° 27' 35.18"" N", ,"003° 16' 37.32"" W"
DND26, ,"56° 25' 52.96"" N", ,"003° 16' 28.40"" W"
DND50, ,"56° 24' 02.70"" N", ,"003° 15' 37.04"" W"
DND51, ,"56° 24' 20.28"" N", ,"003° 15' 48.40"" W"
DND58, ,"56° 25' 35.72"" N", ,"003° 16' 23.41"" W"
DOBEM, ,"51° 52' 11.00"" N", ,"2° 55' 45.00"" W"
DOGIT, ,"53° 10' 22.00"" N", ,"3° 9' 7.00"" W"
DOKEK, ,"51° 25' 18.00"" N", ,"6° 3' 29.00"" W"
DOLAN, ,"52° 23' 34.00"" N", ,"000° 16' 17.13"" E"
DOLAS, ,"52° 58' 43.00"" N", ,"1° 0' 3.00"" E"
DOLUR, ,"49° 29' 4.00"" N", ,"5° 3' 26.00"" W"
DOMUT, ,"50° 15' 43.00"" N", ,"1° 40' 9.00"" W"
DONIB, ,"55° 43' 9.00"" N", ,"7° 41' 44.00"" W"
DOPEK, ,"53° 23' 4.00"" N", ,"0° 55' 32.00"" W"
DOSUN, ,"60° 7' 3.00"" N", ,"6° 23' 39.00"" W"
DOWNI, ,"57° 4' 39.00"" N", ,"2° 6' 21.00"" W"
DRAKE, ,"50° 12' 34.00"" N", ,"0° 4' 34.00"" W"
DTY03, ,"52° 09' 07.00"" N", ,"001° 02' 48.00"" W"
DTY09, ,"52° 15' 01.46"" N", ,"001° 19' 45.78"" W"
DTY12, ,"52° 16' 25.30"" N", ,"001° 24' 04.91"" W"
DTY15, ,"52° 02' 28.00"" N", ,"000° 47' 03.00"" W"
DTY16, ,"52° 18' 16.84"" N", ,"001° 29' 50.85"" W"
DTY18, ,"52° 23' 16.32"" N", ,"001° 27' 57.98"" W"
DTY19, ,"52° 28' 47.23"" N", ,"001° 37' 25.35"" W"
DTY20, ,"52° 24' 39.11"" N", ,"001° 30' 19.60"" W"
DTY33, ,"52° 32' 34.95"" N", ,"001° 32' 49.61"" W"
DTY90, ,"52° 18' 04.96"" N", ,"001° 15' 27.03"" W"
DTY99, ,"52° 17' 03.13"" N", ,"001° 17' 22.51"" W"
DUB41, ,"53° 28' 14.00"" N", ,"005° 09' 51.00"" W"
DUB43, ,"53° 40' 12.00"" N", ,"005° 08' 50.00"" W"
DUB56, ,"53° 27' 26.00"" N", ,"004° 44' 48.00"" W"
DUB76, ,"53° 26' 14.00"" N", ,"004° 11' 25.00"" W"
DUB88, ,"54° 37' 27.94"" N", ,"007° 53' 29.20"" W"
DVR10, ,"51° 08' 59.00"" N", ,"001° 37' 31.00"" E"
DVR11, ,"51° 15' 42.00"" N", ,"001° 07' 04.00"" E"
EAS05, ,"50° 51' 55.96"" N", ,"001° 23' 47.25"" W"
EAS15, ,"50° 55' 52.23"" N", ,"001° 22' 00.80"" W"
EAS70, ,"50° 49' 44.28"" N", ,"001° 20' 30.97"" W"
EBOTO, ,"52° 21' 33.00"" N", ,"0° 41' 40.00"" W"
ELDER, ,"50° 39' 48.00"" N", ,"1° 20' 14.00"" W"
ELNAV, ,"52° 28' 06.70"" N", ,"000° 02' 32.91"" W"
ELRAG, ,"51° 10' 28.00"" N", ,"5° 6' 21.00"" W"
ELSAN, ,"56° 42' 19.00"" N", ,"3° 43' 58.00"" E"
ELVOS, ,"52° 42' 1.00"" N", ,"1° 18' 25.00"" W"
EMLON, ,"53° 12' 20.00"" N", ,"2° 30' 0.00"" E"
ENITO, ,"52° 48' 5.00"" N", ,"2° 28' 3.00"" E"
ERAKA, ,"58° 0' 0.00"" N", ,"10° 0' 0.00"" W"
ERING, ,"51° 35' 26.00"" N", ,"1° 36' 43.00"" E"
ERLOT, ,"55° 17' 14.00"" N", ,"0° 35' 6.00"" W"
ERMIN, ,"50° 20' 55.00"" N", ,"3° 55' 27.00"" W"
ERNAN, ,"54° 16' 44.00"" N", ,"7° 23' 34.00"" W"
ERNOK, ,"51° 41' 30.00"" N", ,"2° 56' 44.00"" W"
EROSI, ,"52° 22' 31.37"" N", ,"000° 57' 10.36"" E"
ERSON, ,"56° 27' 48.00"" N", ,"4° 18' 24.00"" W"
ESKDO, ,"55° 17' 56.00"" N", ,"3° 12' 15.00"" W"
ETSOM, ,"57° 53' 31.00"" N", ,"9° 30' 0.00"" W"
EVSOM, ,"51° 53' 51.89"" N", ,"001° 59' 57.85"" W"
EVSON, ,"53° 21' 27.00"" N", ,"1° 39' 49.00"" W"
EXMOR, ,"51° 10' 43.00"" N", ,"3° 21' 35.00"" W"
FASET, ,"52° 29' 17.78"" N", ,"000° 12' 02.03"" E"
FENIK, ,"55° 42' 55.00"" N", ,"4° 17' 31.00"" W"
FERIT, ,"51° 37' 59.00"" N", ,"0° 32' 21.00"" E"
FFA02, ,"51° 40' 58.14"" N", ,"001° 51' 04.28"" W"
FFA04, ,"51° 40' 28.77"" N", ,"001° 41' 28.18"" W"
FFA05, ,"51° 40' 28.14"" N", ,"001° 41' 18.60"" W"
FFA10, ,"51° 39' 50.28"" N", ,"001° 31' 53.28"" W"
FFA14, ,"51° 42' 41.11"" N", ,"002° 11' 47.72"" W"
FFA15, ,"51° 41' 22.90"" N", ,"001° 23' 46.27"" W"
FFA16, ,"51° 41' 03.99"" N", ,"001° 45' 18.20"" W"
FFA26, ,"51° 47' 20.04"" N", ,"001° 43' 27.32"" W"
FFA28, ,"51° 43' 27.68"" N", ,"002° 11' 36.93"" W"
FFA31, ,"51° 49' 21.87"" N", ,"001° 56' 24.02"" W"
FFA62, ,"51° 41' 34.87"" N", ,"001° 37' 18.71"" W"
FFA79, ,"51° 44' 29.12"" N", ,"001° 24' 26.74"" W"
FFA82, ,"51° 43' 27.68"" N", ,"001° 24' 06.27"" W"
FFA87, ,"51° 42' 25.51"" N", ,"001° 23' 52.76"" W"
FINCH, ,"51° 33' 36.00"" N", ,"0° 10' 59.00"" W"
FINDO, ,"56° 22' 9.00"" N", ,"3° 27' 49.00"" W"
FINMA, ,"51° 59' 47.00"" N", ,"1° 3' 13.00"" W"
FIWUD, ,"53° 52' 6.00"" N", ,"3° 4' 6.00"" W"
FORTY, ,"57° 57' 0.00"" N", ,"0° 35' 45.00"" E"
FOYLE, ,"56° 8' 34.00"" N", ,"4° 22' 56.00"" W"
FRANK, ,"51° 42' 26.00"" N", ,"0° 41' 10.00"" W"
FULMA, ,"55° 30' 23.00"" N", ,"5° 0' 0.00"" W"
FYNER, ,"56° 2' 56.00"" N", ,"5° 6' 55.00"" W"
GAM12, ,"53° 24' 24.00"" N", ,"001° 13' 01.00"" W"
GAM36, ,"53° 28' 26.00"" N", ,"001° 35' 24.00"" W"
GANBE, ,"52° 22' 00.02"" N", ,"000° 27' 12.81"" E"
GAPLI, ,"50° 0' 0.00"" N", ,"8° 0' 0.00"" W"
GARMI, ,"50° 0' 0.00"" N", ,"1° 22' 50.00"" W"
GARVA, ,"57° 41' 18.00"" N", ,"4° 29' 41.00"" W"
GASKO, ,"54° 13' 29.00"" N", ,"1° 57' 21.00"" W"
GATRA, ,"51° 17' 52.00"" N", ,"6° 37' 55.00"" W"
GAVEL, ,"59° 22' 60.00"" N", ,"1° 24' 22.00"" W"
GEPLI, ,"51° 40' 56.58"" N", ,"001° 49' 47.02"" W"
GETNO, ,"53° 55' 48.00"" N", ,"3° 29' 47.00"" W"
GIBSO, ,"50° 44' 59.00"" N", ,"2° 31' 7.00"" W"
GIBSU, ,"56° 45' 47.00"" N", ,"3° 16' 10.00"" E"
GIGUL, ,"54° 36' 26.00"" N", ,"3° 10' 10.00"" E"
GILDA, ,"51° 36' 6.00"" N", ,"0° 35' 1.00"" E"
GILPA, ,"55° 55' 41.00"" N", ,"5° 52' 43.00"" W"
GILTI, ,"51° 34' 13.00"" N", ,"2° 3' 18.00"" E"
GINGA, ,"56° 55' 30.00"" N", ,"9° 30' 0.00"" W"
GINIS, ,"53° 27' 39.00"" N", ,"4° 51' 29.00"" W"
GIRLI, ,"54° 42' 41.00"" N", ,"1° 48' 11.00"" W"
GIRVA, ,"55° 11' 8.00"" N", ,"4° 53' 47.00"" W"
GISOK, ,"51° 30' 9.00"" N", ,"5° 7' 28.00"" W"
GITUS, ,"50° 19' 60.00"" N", ,"5° 42' 0.00"" W"
GIVEM, ,"55° 27' 54.00"" N", ,"0° 14' 53.00"" E"
GIVPO, ,"53° 17' 10.00"" N", ,"2° 52' 9.00"" E"
GLESK, ,"56° 54' 0.00"" N", ,"2° 47' 45.00"" W"
GODSU, ,"52° 16' 22.38"" N", ,"000° 16' 12.08"" E"
GOLES, ,"53° 36' 29.00"" N", ,"1° 4' 60.00"" W"
GOLVO, ,"54° 24' 41.00"" N", ,"3° 35' 8.00"" E"
GOMOT, ,"55° 55' 10.00"" N", ,"0° 32' 39.00"" W"
GOMUP, ,"57° 0' 0.00"" N", ,"10° 0' 0.00"" W"
GONAN, ,"51° 59' 54.42"" N", ,"002° 05' 39.24"" W"
GONUT, ,"61° 0' 0.00"" N", ,"4° 34' 60.00"" W"
GOTNA, ,"54° 35' 41.00"" N", ,"5° 35' 53.00"" W"
GOW14, ,"56° 12' 06.82"" N", ,"004° 23' 37.37"" W"
GOW20, ,"56° 00' 16.64"" N", ,"004° 59' 17.26"" W"
GOW34, ,"56° 10' 35.42"" N", ,"004° 40' 43.49"" W"
GRICE, ,"56° 11' 48.00"" N", ,"3° 41' 8.00"" W"
GUMSO, ,"52° 23' 04.18"" N", ,"000° 16' 04.71"" E"
GUNGU, ,"52° 30' 51.42"" N", ,"000° 51' 18.47"" E"
GUSSI, ,"57° 12' 47.00"" N", ,"4° 7' 27.00"" W"
GWC06, ,"50° 46' 26.00"" N", ,"000° 40' 11.00"" W"
HALIF, ,"53° 44' 6.00"" N", ,"1° 34' 50.00"" W"
HANKY, ,"51° 6' 46.00"" N", ,"1° 7' 51.00"" W"
HARDY, ,"50° 28' 16.00"" N", ,"0° 29' 28.00"" E"
HARLY, ,"52° 14' 24.39"" N", ,"000° 44' 40.71"" E"
HASTY, ,"50° 43' 42.00"" N", ,"0° 31' 60.00"" E"
HAVEN, ,"55° 27' 40.00"" N", ,"2° 59' 47.00"" W"
HAWKE, ,"50° 22' 27.00"" N", ,"0° 5' 25.00"" E"
HAZEL, ,"51° 0' 19.00"" N", ,"0° 59' 4.00"" W"
HEIDI, ,"52° 6' 44.00"" N", ,"0° 37' 24.00"" W"
HEMEL, ,"51° 48' 20.00"" N", ,"0° 25' 10.00"" W"
HERON, ,"55° 20' 35.00"" N", ,"5° 0' 0.00"" W"
HICUS, ,"52° 21' 17.31"" N", ,"000° 32' 08.32"" E"
HON06, ,"52° 27' 13.03"" N", ,"001° 37' 26.55"" W"
HON09, ,"52° 30' 07.53"" N", ,"001° 36' 15.09"" W"
HON13, ,"52° 08' 43.00"" N", ,"001° 33' 13.00"" W"
HON14, ,"52° 16' 11.85"" N", ,"001° 32' 11.22"" W"
HON16, ,"52° 05' 51.00"" N", ,"001° 31' 44.00"" W"
HON17, ,"52° 35' 07.46"" N", ,"001° 56' 12.58"" W"
HON18, ,"52° 03' 27.00"" N", ,"001° 44' 52.00"" E"
HON19, ,"52° 03' 00.00"" N", ,"001° 30' 15.00"" W"
HON20, ,"52° 37' 32.54"" N", ,"001° 59' 07.22"" W"
HON21, ,"52° 37' 40.00"" N", ,"001° 58' 22.00"" W"
HON28, ,"52° 44' 20.00"" N", ,"002° 06' 03.00"" W"
HON33, ,"52° 31' 53.91"" N", ,"001° 52' 20.23"" W"
HON46, ,"52° 58' 46.00"" N", ,"002° 22' 25.00"" W"
HON96, ,"52° 09' 29.79"" N", ,"001° 22' 25.28"" W"
HON97, ,"52° 30' 02.00"" N", ,"001° 36' 17.35"" W"
HON98, ,"52° 13' 13.26"" N", ,"001° 27' 50.44"" W"
IBDUK, ,"51° 41' 22.99"" N", ,"002° 11' 56.75"" W"
IBM01, ,"52° 26' 05.26"" N", ,"001° 43' 37.96"" W"
IBM07, ,"52° 21' 06.54"" N", ,"001° 38' 10.34"" W"
IBM51, ,"52° 22' 41.12"" N", ,"001° 39' 53.91"" W"
IDESI, ,"51° 53' 52.00"" N", ,"1° 53' 8.00"" E"
IDOKI, ,"49° 51' 37.00"" N", ,"6° 11' 39.00"" W"
INDIV, ,"52° 17' 06.53"" N", ,"000° 15' 19.83"" E"
ING02, ,"50° 55' 16.00"" N", ,"001° 28' 00.00"" E"
INLAK, ,"51° 28' 41.00"" N", ,"1° 31' 27.00"" W"
INPOT, ,"52° 26' 36.52"" N", ,"000° 11' 57.37"" E"
INPUT, ,"55° 18' 18.00"" N", ,"4° 39' 5.00"" E"
INSUN, ,"50° 23' 43.00"" N", ,"6° 19' 24.00"" W"
IOM30, ,"53° 47' 00.75"" N", ,"004° 04' 01.74"" W"
IOM50, ,"53° 35' 40.00"" N", ,"003° 36' 44.00"" W"
IPRIL, ,"51° 40' 29.00"" N", ,"0° 13' 35.00"" W"
IRKUM, ,"52° 59' 48.00"" N", ,"5° 22' 39.00"" W"
ITSUX, ,"56° 3' 0.00"" N", ,"3° 30' 0.00"" E"
IWQ05, ,"53° 44' 58.89"" N", ,"002° 51' 27.24"" W"
JACKO, ,"51° 44' 9.00"" N", ,"1° 25' 36.00"" E"
JIMBO, ,"52° 15' 01.36"" N", ,"000° 36' 11.64"" E"
KAPEX, ,"50° 40' 30.00"" N", ,"1° 51' 0.00"" W"
KARNO, ,"52° 53' 40.00"" N", ,"2° 53' 54.00"" W"
KATHY, ,"50° 31' 14.00"" N", ,"1° 19' 60.00"" W"
KEGUN, ,"53° 11' 33.00"" N", ,"3° 9' 1.00"" W"
KELLY, ,"53° 54' 19.00"" N", ,"4° 21' 51.00"" W"
KEMPY, ,"52° 7' 39.00"" N", ,"0° 38' 46.00"" E"
KENET, ,"51° 31' 14.00"" N", ,"1° 27' 18.00"" W"
KEPAD, ,"52° 48' 35.00"" N", ,"2° 28' 44.00"" W"
KESEG, ,"60° 0' 58.00"" N", ,"6° 0' 56.00"" W"
KESUP, ,"51° 19' 32.00"" N", ,"3° 39' 17.00"" W"
KIDLI, ,"51° 46' 17.00"" N", ,"1° 21' 41.00"" W"
KISTA, ,"59° 30' 30.00"" N", ,"1° 56' 58.00"" W"
KOKAL, ,"58° 57' 35.00"" N", ,"2° 53' 38.00"" W"
KOLAG, ,"53° 2' 37.00"" N", ,"3° 15' 18.00"" E"
KOLID, ,"53° 34' 26.00"" N", ,"2° 45' 21.00"" W"
KONAN, ,"51° 7' 51.00"" N", ,"2° 0' 0.00"" E"
KOPUL, ,"51° 32' 32.00"" N", ,"1° 8' 14.00"" E"
KOVAP, ,"52° 22' 41.13"" N", ,"000° 20' 06.58"" E"
KOXIP, ,"51° 49' 32.76"" N", ,"001° 55' 54.93"" W"
KSS04, ,"57° 37' 12.84"" N", ,"003° 40' 18.87"" W"
KSS05, ,"57° 46' 13.46"" N", ,"003° 00' 56.53"" W"
KSS07, ,"57° 36' 16.37"" N", ,"003° 43' 35.59"" W"
KSS11, ,"57° 47' 24.15"" N", ,"003° 10' 57.12"" W"
KSS14, ,"57° 26' 36.17"" N", ,"003° 41' 48.61"" W"
KSS15, ,"57° 39' 42.95"" N", ,"003° 29' 08.98"" W"
KSS16, ,"57° 24' 45.04"" N", ,"003° 43' 11.24"" W"
KSS20, ,"57° 33' 54.84"" N", ,"003° 51' 46.66"" W"
KSS24, ,"57° 31' 19.25"" N", ,"003° 53' 06.59"" W"
KSS25, ,"57° 32' 58.08"" N", ,"003° 55' 02.80"" W"
KSS39, ,"57° 51' 30.65"" N", ,"003° 02' 12.45"" W"
KSS42, ,"57° 44' 42.72"" N", ,"003° 16' 08.60"" W"
KSS43, ,"57° 41' 50.29"" N", ,"003° 11' 06.78"" W"
KSS44, ,"57° 41' 38.47"" N", ,"003° 21' 37.66"" W"
KSS45, ,"57° 42' 42.00"" N", ,"003° 24' 51.95"" W"
KSS55, ,"57° 48' 37.41"" N", ,"003° 08' 40.69"" W"
KSS59, ,"57° 50' 19.27"" N", ,"003° 05' 12.73"" W"
KSS60, ,"57° 39' 27.72"" N", ,"003° 30' 44.28"" W"
KSS75, ,"57° 41' 23.45"" N", ,"003° 18' 25.21"" W"
KSS94, ,"57° 38' 23.30"" N", ,"003° 36' 12.72"" W"
KSS99, ,"57° 44' 26.53"" N", ,"002° 59' 49.40"" W"
KUBAX, ,"52° 56' 34.00"" N", ,"2° 57' 13.00"" E"
KUMIL, ,"50° 34' 31.00"" N", ,"1° 36' 39.00"" W"
LAGAV, ,"56° 53' 35.00"" N", ,"4° 12' 10.00"" W"
LAKEY, ,"54° 14' 20.00"" N", ,"2° 58' 52.00"" W"
LAM09, ,"51° 46' 50.88"" N", ,"000° 15' 27.41"" E"
LAM12, ,"51° 40' 24.53"" N", ,"000° 28' 11.30"" E"
LAM27, ,"51° 57' 32.00"" N", ,"000° 21' 57.00"" W"
LAM37, ,"52° 04' 19.00"" N", ,"000° 33' 19.00"" W"
LAMAT, ,"51° 18' 7.00"" N", ,"3° 1' 3.00"" W"
LAMIX, ,"53° 18' 29.00"" N", ,"0° 40' 56.00"" W"
LAMMA, ,"55° 51' 30.00"" N", ,"2° 46' 3.00"" W"
LAMRO, ,"57° 1' 51.00"" N", ,"3° 33' 9.00"" E"
LAMSO, ,"52° 43' 58.00"" N", ,"2° 59' 40.00"" E"
LANAK, ,"55° 42' 1.00"" N", ,"3° 56' 19.00"" W"
LANON, ,"52° 25' 52.00"" N", ,"4° 22' 21.00"" W"
LAPRA, ,"52° 7' 7.00"" N", ,"1° 12' 36.00"" E"
LARDI, ,"53° 36' 16.00"" N", ,"3° 30' 57.00"" E"
LARGA, ,"54° 51' 50.00"" N", ,"4° 9' 12.00"" E"
LARLA, ,"49° 22' 41.00"" N", ,"7° 7' 15.00"" W"
LBA01, ,"53° 50' 53.15"" N", ,"001° 37' 58.97"" W"
LBA04, ,"53° 55' 11.97"" N", ,"001° 44' 33.55"" W"
LBA05, ,"53° 47' 35.90"" N", ,"001° 34' 07.79"" W"
LBA06, ,"53° 56' 41.04"" N", ,"001° 46' 49.32"" W"
LBA07, ,"53° 45' 57.39"" N", ,"001° 32' 12.61"" W"
LBA09, ,"53° 44' 18.85"" N", ,"001° 30' 17.58"" W"
LBA10, ,"53° 52' 58.28"" N", ,"001° 41' 10.21"" W"
LBA15, ,"53° 53' 21.80"" N", ,"001° 41' 54.33"" W"
LBA25, ,"53° 53' 20.57"" N", ,"001° 41' 44.07"" W"
LBA29, ,"53° 58' 05.27"" N", ,"001° 46' 44.59"" W"
LBA32, ,"53° 58' 54.56"" N", ,"001° 50' 13.27"" W"
LBA34, ,"54° 00' 16.50"" N", ,"001° 45' 35.25"" W"
LBA35, ,"54° 00' 08.85"" N", ,"001° 47' 31.10"" W"
LBA50, ,"53° 55' 42.59"" N", ,"001° 46' 17.75"" W"
LBA55, ,"53° 55' 56.51"" N", ,"001° 45' 41.42"" W"
LBA56, ,"53° 45' 36.64"" N", ,"001° 33' 06.11"" W"
LBA60, ,"53° 56' 22.75"" N", ,"001° 47' 33.04"" W"
LBA63, ,"53° 45' 12.50"" N", ,"001° 34' 25.94"" W"
LBA68, ,"53° 43' 04.90"" N", ,"001° 34' 24.37"" W"
LBA70, ,"53° 57' 02.92"" N", ,"001° 48' 48.41"" W"
LBA75, ,"53° 58' 29.69"" N", ,"001° 45' 34.74"" W"
LBA77, ,"53° 57' 29.93"" N", ,"001° 48' 01.76"" W"
LBA90, ,"53° 58' 23.21"" N", ,"001° 51' 19.26"" W"
LBA92, ,"53° 43' 34.16"" N", ,"001° 32' 23.44"" W"
LBRTY, ,"52° 43' 14.19"" N", ,"001° 25' 04.22"" E"
LEDBO, ,"52° 32' 35.00"" N", ,"2° 6' 8.00"" E"
LEDGO, ,"51° 14' 24.00"" N", ,"7° 34' 5.00"" W"
LEE03, ,"54° 18' 10.22"" N", ,"001° 32' 34.83"" W"
LEE06, ,"54° 21' 06.77"" N", ,"001° 23' 38.23"" W"
LEE07, ,"54° 23' 17.71"" N", ,"001° 36' 25.76"" W"
LEE11, ,"54° 15' 16.43"" N", ,"001° 50' 28.53"" W"
LEE13, ,"54° 14' 48.29"" N", ,"001° 53' 47.52"" W"
LEE32, ,"54° 25' 40.66"" N", ,"001° 45' 22.62"" W"
LEE33, ,"54° 26' 53.72"" N", ,"001° 42' 50.42"" W"
LEE34, ,"54° 18' 41.11"" N", ,"001° 32' 59.68"" W"
LEE39, ,"54° 27' 50.19"" N", ,"001° 39' 58.64"" W"
LEGRO, ,"53° 19' 35.00"" N", ,"1° 30' 46.00"" E"
LEKLO, ,"51° 41' 12.51"" N", ,"001° 38' 13.76"" W"
LESLU, ,"51° 0' 0.00"" N", ,"8° 0' 0.00"" W"
LESTA, ,"52° 44' 27.00"" N", ,"1° 4' 19.00"" W"
LF001, ,"53° 50' 52.64"" N", ,"001° 37' 59.95"" W"
LF004, ,"53° 48' 40.91"" N", ,"001° 34' 41.37"" W"
LF005, ,"53° 47' 56.26"" N", ,"001° 33' 33.91"" W"
LF007, ,"53° 46' 23.96"" N", ,"001° 31' 16.56"" W"
LF009, ,"53° 44' 57.11"" N", ,"001° 29' 03.77"" W"
LF090, ,"53° 50' 57.11"" N", ,"001° 38' 06.69"" W"
LIBSO, ,"53° 31' 29.00"" N", ,"0° 5' 36.00"" E"
LIC19, ,"53° 03' 45.00"" N", ,"001° 50' 21.00"" W"
LINDY, ,"51° 28' 14.00"" N", ,"1° 2' 57.00"" W"
LIPGO, ,"53° 3' 50.00"" N", ,"5° 30' 0.00"" W"
LIRKI, ,"61° 0' 0.00"" N", ,"1° 51' 0.00"" W"
LISTO, ,"53° 8' 36.00"" N", ,"2° 11' 57.00"" W"
LKH09, ,"52° 22' 39.63"" N", ,"000° 47' 17.76"" E"
LKH24, ,"52° 18' 04.32"" N", ,"000° 14' 21.53"" E"
LKH30, ,"52° 18' 30.67"" N", ,"001° 20' 51.55"" E"
LKH31, ,"52° 28' 23.59"" N", ,"000° 23' 30.19"" E"
LKH99, ,"52° 38' 37.79"" N", ,"000° 00' 44.34"" W"
LND41, ,"49° 31' 48.00"" N", ,"006° 09' 03.00"" W"
LND47, ,"49° 27' 22.00"" N", ,"005° 01' 57.00"" W"
LND58, ,"49° 14' 02.00"" N", ,"006° 08' 35.00"" W"
LND66, ,"49° 10' 14.00"" N", ,"006° 26' 54.00"" W"
LOGAN, ,"51° 44' 51.00"" N", ,"1° 36' 43.00"" E"
LOMON, ,"56° 3' 46.00"" N", ,"4° 34' 48.00"" W"
LOREL, ,"52° 0' 50.00"" N", ,"0° 3' 10.00"" W"
LOVEL, ,"53° 15' 6.00"" N", ,"2° 16' 28.00"" W"
LUCCO, ,"50° 41' 30.00"" N", ,"1° 6' 30.00"" W"
LUGED, ,"52° 27' 07.24"" N", ,"000° 39' 47.84"" E"
LUK11, ,"56° 23' 56.93"" N", ,"002° 32' 14.30"" W"
LUK16, ,"56° 22' 39.56"" N", ,"002° 49' 16.56"" W"
LUK65, ,"56° 23' 20.80"" N", ,"002° 40' 15.75"" W"
LULOX, ,"50° 22' 0.00"" N", ,"8° 0' 0.00"" W"
LUMOX, ,"51° 41' 06.44"" N", ,"001° 57' 39.12"" W"
LYD07, ,"50° 58' 42.00"" N", ,"001° 02' 27.00"" E"
LYD26, ,"50° 40' 00.00"" N", ,"000° 27' 20.00"" E"
LYE03, ,"51° 27' 56.99"" N", ,"002° 01' 45.09"" W"
LYE05, ,"51° 31' 00.05"" N", ,"001° 58' 10.81"" W"
LYE08, ,"51° 31' 13.28"" N", ,"001° 46' 46.05"" W"
LYE65, ,"51° 33' 40.43"" N", ,"001° 49' 32.95"" W"
LYE80, ,"51° 34' 08.48"" N", ,"001° 48' 02.43"" W"
LYNAS, ,"53° 26' 33.00"" N", ,"4° 19' 60.00"" W"
MABUG, ,"49° 47' 5.00"" N", ,"5° 56' 12.00"" W"
MAC29, ,"55° 21' 32.00"" N", ,"006° 30' 00.00"" W"
MAC30, ,"55° 33' 17.00"" N", ,"006° 30' 00.00"" W"
MAC57, ,"55° 07' 00.00"" N", ,"007° 13' 08.00"" W"
MAC89, ,"54° 39' 41.00"" N", ,"007° 50' 25.00"" W"
MADAD, ,"55° 54' 47.00"" N", ,"1° 44' 2.00"" W"
MALBY, ,"51° 35' 33.00"" N", ,"2° 3' 42.00"" W"
MALUD, ,"53° 24' 48.00"" N", ,"3° 36' 30.00"" W"
MAM03, ,"52° 37' 48.93"" N", ,"000° 28' 33.95"" E"
MAM05, ,"52° 40' 31.75"" N", ,"000° 40' 55.23"" E"
MAM08, ,"52° 39' 46.82"" N", ,"000° 35' 06.41"" E"
MAM09, ,"52° 41' 52.68"" N", ,"000° 47' 06.45"" E"
MAM10, ,"52° 42' 10.17"" N", ,"000° 40' 47.13"" E"
MAM90, ,"52° 43' 57.87"" N", ,"000° 45' 20.47"" E"
MAMUL, ,"53° 25' 5.00"" N", ,"1° 16' 48.00"" W"
MANGO, ,"51° 41' 34.00"" N", ,"0° 47' 26.00"" E"
MANIG, ,"49° 47' 7.00"" N", ,"3° 15' 34.00"" W"
MAPLE, ,"52° 23' 36.00"" N", ,"1° 40' 51.00"" W"
MARGO, ,"54° 42' 27.00"" N", ,"2° 46' 29.00"" W"
MARUK, ,"50° 14' 47.00"" N", ,"2° 4' 20.00"" W"
MASOP, ,"54° 9' 21.00"" N", ,"4° 21' 15.00"" W"
MATCH, ,"51° 46' 45.00"" N", ,"0° 15' 0.00"" E"
MATIK, ,"61° 0' 0.00"" N", ,"8° 4' 0.00"" W"
MAVIX, ,"55° 50' 50.00"" N", ,"4° 4' 50.00"" W"
May-13, ,"51° 03' 25.00"" N", ,"000° 27' 39.00"" E"
May-38, ,"51° 07' 53.00"" N", ,"001° 04' 56.00"" E"
MEDOG, ,"51° 57' 1.00"" N", ,"3° 32' 58.00"" W"
MERLY, ,"51° 19' 60.00"" N", ,"5° 0' 0.00"" W"
METLE, ,"52° 20' 25.64"" N", ,"000° 38' 03.14"" E"
MID10, ,"51° 01' 09.00"" N", ,"000° 52' 59.00"" W"
MID16, ,"50° 50' 43.00"" N", ,"000° 54' 17.00"" W"
MID23, ,"50° 41' 42.00"" N", ,"000° 23' 21.00"" W"
MID25, ,"50° 38' 53.00"" N", ,"000° 32' 09.00"" W"
MID28, ,"50° 40' 00.00"" N", ,"000° 12' 52.00"" W"
MID72, ,"52° 04' 06.00"" N", ,"001° 40' 28.00"" W"
MIKEL, ,"54° 16' 30.00"" N", ,"4° 51' 46.00"" W"
MIMBI, ,"51° 32' 57.00"" N", ,"1° 41' 36.00"" W"
MIMKU, ,"56° 0' 0.00"" N", ,"10° 0' 0.00"" W"
MIMVA, ,"53° 6' 3.00"" N", ,"3° 18' 13.00"" E"
MITSO, ,"53° 39' 7.00"" N", ,"0° 53' 38.00"" W"
MLD02, ,"52° 23' 29.76"" N", ,"000° 31' 01.36"" E"
MLD03, ,"52° 21' 01.38"" N", ,"000° 34' 01.53"" E"
MLD10, ,"52° 21' 24.88"" N", ,"000° 31' 09.24"" E"
MLD11, ,"52° 23' 38.89"" N", ,"000° 09' 57.17"" E"
MLD12, ,"52° 21' 29.38"" N", ,"000° 31' 11.43"" E"
MLD13, ,"52° 21' 59.68"" N", ,"000° 27' 12.24"" E"
MLD20, ,"52° 30' 10.72"" N", ,"000° 00' 21.70"" W"
MLD21, ,"52° 18' 52.53"" N", ,"000° 48' 16.35"" E"
MLD23, ,"52° 15' 15.13"" N", ,"000° 11' 00.65"" E"
MLD25, ,"52° 16' 54.58"" N", ,"000° 09' 40.46"" E"
MLD29, ,"52° 27' 15.62"" N", ,"000° 10' 02.48"" E"
MLD30, ,"52° 26' 50.53"" N", ,"000° 11' 31.53"" E"
MLD31, ,"52° 20' 59.76"" N", ,"000° 34' 00.76"" E"
MLD32, ,"52° 28' 14.91"" N", ,"000° 42' 24.30"" E"
MLD55, ,"52° 20' 22.39"" N", ,"000° 37' 57.68"" E"
MLD57, ,"52° 23' 00.44"" N", ,"000° 20' 12.68"" E"
MLD58, ,"52° 28' 50.88"" N", ,"000° 47' 07.93"" E"
MLD59, ,"52° 32' 37.47"" N", ,"000° 56' 46.40"" E"
MLD62, ,"52° 19' 03.84"" N", ,"000° 20' 13.88"" E"
MLD74, ,"52° 20' 24.78"" N", ,"000° 37' 58.74"" E"
MLD77, ,"52° 19' 37.89"" N", ,"000° 40' 09.05"" E"
MLD82, ,"52° 23' 34.75"" N", ,"000° 16' 14.40"" E"
MLD96, ,"52° 22' 43.84"" N", ,"000° 19' 37.79"" E"
MLD98, ,"52° 14' 25.77"" N", ,"000° 44' 34.83"" E"
MOCHA, ,"59° 32' 56.00"" N", ,"1° 21' 59.00"" W"
MODGO, ,"60° 26' 43.00"" N", ,"7° 39' 55.00"" W"
MOGLI, ,"52° 18' 30.00"" N", ,"0° 16' 9.00"" W"
MOLIX, ,"52° 49' 19.00"" N", ,"3° 4' 7.00"" E"
MONTY, ,"52° 53' 34.00"" N", ,"3° 10' 26.00"" W"
MOPAT, ,"51° 29' 55.00"" N", ,"7° 5' 37.00"" W"
MORAY, ,"58° 4' 60.00"" N", ,"2° 49' 18.00"" W"
MORBY, ,"53° 55' 10.00"" N", ,"3° 28' 60.00"" W"
NADIR, ,"57° 49' 27.00"" N", ,"0° 0' 0.00"" E"
NAKID, ,"49° 42' 54.00"" N", ,"4° 37' 23.00"" W"
NALAX, ,"53° 28' 60.00"" N", ,"0° 24' 6.00"" E"
NANTI, ,"53° 8' 15.00"" N", ,"2° 34' 1.00"" W"
NAPEX, ,"53° 12' 23.00"" N", ,"0° 51' 40.00"" W"
NATEB, ,"55° 2' 18.00"" N", ,"1° 41' 54.00"" W"
NATKO, ,"53° 27' 12.00"" N", ,"4° 38' 7.00"" W"
NAVEL, ,"55° 35' 13.00"" N", ,"0° 50' 31.00"" E"
NEDEX, ,"51° 52' 37.00"" N", ,"1° 28' 20.00"" W"
NEDUL, ,"50° 39' 58.00"" N", ,"1° 32' 52.00"" W"
NEKAP, ,"51° 43' 35.00"" N", ,"5° 17' 26.00"" W"
NELBO, ,"54° 29' 24.00"" N", ,"5° 18' 10.00"" W"
NELSA, ,"53° 51' 48.00"" N", ,"2° 11' 5.00"" W"
NEPSO, ,"54° 14' 17.00"" N", ,"1° 16' 11.00"" E"
NESDI, ,"57° 7' 18.00"" N", ,"4° 8' 48.00"" W"
NEVIS, ,"56° 41' 43.00"" N", ,"4° 32' 41.00"" W"
NEVRI, ,"54° 4' 6.00"" N", ,"6° 16' 12.00"" W"
NEXUS, ,"56° 12' 43.00"" N", ,"1° 50' 41.00"" W"
NIGIT, ,"51° 18' 47.00"" N", ,"1° 10' 15.00"" W"
NIGOL, ,"54° 54' 18.00"" N", ,"2° 29' 32.00"" E"
NILON, ,"51° 35' 46.00"" N", ,"0° 38' 4.00"" E"
NIMAT, ,"53° 57' 54.00"" N", ,"5° 44' 32.00"" W"
NINEX, ,"58° 51' 20.00"" N", ,"9° 30' 0.00"" W"
NITON, ,"52° 33' 12.00"" N", ,"3° 12' 1.00"" W"
NOKIN, ,"53° 4' 36.00"" N", ,"2° 52' 58.00"" W"
NORD, ,"52° 40' 34.96"" N", ,"000° 07' 37.42"" E"
NORRY, ,"51° 28' 47.00"" N", ,"1° 7' 24.00"" W"
NOTRO, ,"50° 26' 12.00"" N", ,"3° 10' 21.00"" W"
NUBRI, ,"51° 20' 17.00"" N", ,"1° 13' 56.00"" W"
NUMPI, ,"54° 8' 40.00"" N", ,"5° 35' 36.00"" W"
NUMPO, ,"51° 36' 36.00"" N", ,"3° 17' 1.00"" W"
OBOXA, ,"54° 10' 36.00"" N", ,"1° 54' 20.00"" W"
OCK11, ,"51° 36' 03.30"" N", ,"000° 22' 19.05"" W"
OCK13, ,"51° 36' 00.18"" N", ,"000° 21' 49.24"" W"
ODMIX, ,"56° 58' 12.00"" N", ,"1° 28' 3.00"" E"
ODROB, ,"51° 39' 15.00"" N", ,"1° 54' 45.00"" E"
OGDIN, ,"53° 50' 49.00"" N", ,"0° 34' 51.00"" E"
OKAMA, ,"53° 10' 15.00"" N", ,"2° 46' 22.00"" E"
OKESI, ,"51° 26' 36.00"" N", ,"2° 3' 42.00"" W"
OKTEM, ,"52° 43' 10.00"" N", ,"3° 11' 15.00"" W"
OLKER, ,"61° 0' 0.00"" N", ,"6° 30' 0.00"" W"
OLNEY, ,"52° 7' 40.00"" N", ,"0° 44' 3.00"" W"
ORSUM, ,"57° 3' 7.00"" N", ,"5° 17' 41.00"" W"
ORVIK, ,"59° 38' 18.00"" N", ,"0° 40' 9.00"" E"
OSGOD, ,"51° 47' 2.00"" N", ,"1° 55' 9.00"" W"
OSPOL, ,"50° 9' 0.00"" N", ,"0° 11' 8.00"" W"
OTBED, ,"53° 17' 17.00"" N", ,"0° 1' 55.00"" E"
OTBUN, ,"55° 16' 50.00"" N", ,"2° 25' 60.00"" W"
OTROS, ,"52° 20' 45.23"" N", ,"000° 25' 17.81"" E"
PAVLO, ,"50° 56' 5.00"" N", ,"5° 53' 44.00"" W"
PEDIG, ,"52° 44' 48.00"" N", ,"1° 43' 10.00"" W"
PELET, ,"54° 39' 12.00"" N", ,"3° 25' 52.00"" E"
PEMAK, ,"49° 26' 56.00"" N", ,"6° 13' 5.00"" W"
PEMOB, ,"52° 8' 38.00"" N", ,"5° 9' 41.00"" W"
PENIL, ,"53° 36' 57.00"" N", ,"3° 39' 49.00"" W"
PEPIN, ,"59° 59' 31.00"" N", ,"0° 0' 54.00"" E"
PEPIS, ,"51° 11' 48.00"" N", ,"1° 14' 37.00"" W"
PEPOV, ,"58° 10' 37.00"" N", ,"1° 42' 55.00"" E"
PEPUL, ,"52° 16' 3.00"" N", ,"1° 53' 14.00"" W"
PERUP, ,"51° 42' 34.00"" N", ,"2° 56' 32.00"" W"
PHILI, ,"49° 28' 31.00"" N", ,"7° 1' 17.00"" W"
PIK10, ,"55° 26' 50.08"" N", ,"004° 14' 00.89"" W"
PIK12, ,"55° 23' 34.50"" N", ,"004° 16' 38.03"" W"
PIK18, ,"55° 25' 13.81"" N", ,"004° 15' 02.83"" W"
PILIP, ,"50° 20' 3.00"" N", ,"1° 0' 26.00"" W"
PIPAR, ,"56° 7' 0.00"" N", ,"3° 12' 6.00"" W"
PIPEM, ,"58° 9' 23.00"" N", ,"3° 44' 19.00"" W"
PIPIN, ,"52° 36' 36.00"" N", ,"0° 56' 30.00"" W"
PIXUP, ,"52° 1' 51.00"" N", ,"1° 6' 40.00"" W"
PLY49, ,"50° 22' 26.78"" N", ,"003° 59' 36.59"" W"
PLY51, ,"50° 22' 25.60"" N", ,"003° 59' 26.50"" W"
PLY55, ,"50° 24' 54.43"" N", ,"004° 05' 18.31"" W"
POL02, ,"53° 36' 09.25"" N", ,"001° 57' 18.12"" W"
POL05, ,"53° 48' 40.41"" N", ,"002° 11' 09.57"" W"
POL11, ,"53° 33' 28.00"" N", ,"002° 01' 49.00"" W"
POL21, ,"54° 04' 54.00"" N", ,"001° 56' 57.00"" W"
POL22, ,"54° 05' 43.00"" N", ,"001° 59' 45.00"" W"
POL35, ,"53° 10' 50.00"" N", ,"001° 53' 03.00"" W"
POL47, ,"53° 31' 31.00"" N", ,"000° 47' 23.00"" W"
POL57, ,"53° 27' 55.00"" N", ,"000° 34' 44.00"" W"
POL84, ,"55° 06' 56.32"" N", ,"001° 40' 29.64"" W"
POMPI, ,"50° 45' 48.00"" N", ,"0° 57' 15.00"" W"
POTON, ,"52° 5' 4.00"" N", ,"0° 25' 38.00"" W"
PTH11, ,"56° 17' 36.00"" N", ,"003° 33' 41.00"" W"
PTH15, ,"56° 14' 00.00"" N", ,"003° 38' 19.00"" W"
PTH24, ,"56° 45' 48.00"" N", ,"002° 58' 08.00"" W"
PY005, ,"50° 24' 53.65"" N", ,"004° 05' 25.87"" W"
PY008, ,"50° 22' 14.62"" N", ,"003° 54' 19.57"" W"
PY030, ,"50° 23' 31.01"" N", ,"004° 02' 03.65"" W"
R0073, ,"52° 21' 51.60"" N", ,"000° 28' 04.80"" E"
R1322, ,"51° 20' 17.72"" N", ,"000° 02' 16.98"" E"
R2248, ,"55° 51' 48.51"" N", ,"004° 26' 56.63"" W"
R2292, ,"51° 28' 39.00"" N", ,"000° 29' 06.04"" W"
R2293, ,"51° 27' 53.25"" N", ,"000° 28' 56.41"" W"
R2294, ,"51° 27' 53.83"" N", ,"000° 26' 02.68"" W"
R2295, ,"51° 28' 39.63"" N", ,"000° 25' 59.74"" W"
R2296, ,"57° 39' 10.36"" N", ,"003° 32' 32.23"" W"
R2297, ,"53° 52' 17.15"" N", ,"001° 40' 08.72"" W"
R2298, ,"53° 51' 37.31"" N", ,"001° 39' 07.45"" W"
R2299, ,"51° 40' 58.80"" N", ,"001° 48' 43.20"" W"
R2300, ,"51° 41' 02.40"" N", ,"001° 46' 04.80"" W"
R2302, ,"57° 42' 55.26"" N", ,"003° 19' 20.59"" W"
R2303, ,"55° 30' 54.81"" N", ,"004° 36' 41.26"" W"
R2304, ,"55° 30' 08.68"" N", ,"004° 34' 28.13"" W"
R2307, ,"52° 48' 06.69"" N", ,"002° 40' 04.83"" W"
R2308, ,"52° 44' 41.98"" N", ,"000° 38' 07.03"" W"
R2309, ,"51° 45' 14.00"" N", ,"001° 33' 42.12"" W"
R2310, ,"50° 26' 09.16"" N", ,"004° 58' 56.62"" W"
R2314, ,"53° 10' 39.23"" N", ,"000° 30' 58.70"" W"
R2315, ,"57° 12' 34.38"" N", ,"002° 12' 12.29"" W"
R2316, ,"57° 11' 39.49"" N", ,"002° 11' 31.79"" W"
R2317, ,"51° 52' 37.40"" N", ,"000° 13' 22.39"" E"
R2318, ,"51° 53' 42.57"" N", ,"000° 15' 00.16"" E"
R2320, ,"55° 52' 41.11"" N", ,"004° 25' 18.38"" W"
R2321, ,"54° 18' 07.00"" N", ,"001° 32' 33.39"" W"
R2322, ,"50° 25' 13.08"" N", ,"004° 05' 59.01"" W"
R2323, ,"56° 22' 34.84"" N", ,"002° 50' 24.85"" W"
R2324, ,"52° 24' 09.00"" N", ,"000° 32' 39.60"" E"
R2325, ,"52° 24' 58.80"" N", ,"000° 34' 39.60"" E"
R2327, ,"50° 57' 25.87"" N", ,"001° 21' 10.60"" W"
R2328, ,"51° 33' 19.16"" N", ,"000° 24' 29.53"" W"
R2329, ,"51° 30' 43.24"" N", ,"001° 59' 00.44"" W"
R2330, ,"55° 56' 41.96"" N", ,"003° 23' 13.99"" W"
R2331, ,"55° 57' 17.64"" N", ,"003° 21' 28.72"" W"
R2337, ,"52° 12' 35.49"" N", ,"000° 11' 03.70"" E"
R2464, ,"52° 26' 55.05"" N", ,"001° 44' 31.98"" W"
R2465, ,"52° 27' 47.47"" N", ,"001° 45' 30.48"" W"
R2534, ,"53° 44' 54.40"" N", ,"002° 51' 59.43"" W"
R2551, ,"56° 27' 08.88"" N", ,"003° 02' 13.85"" W"
R2558, ,"51° 37' 23.47"" N", ,"001° 05' 38.62"" W"
R2637, ,"54° 30' 58.07"" N", ,"001° 24' 58.86"" W"
R2638, ,"54° 30' 07.94"" N", ,"001° 26' 32.74"" W"
R2706, ,"59° 52' 55.16"" N", ,"001° 17' 05.15"" W"
R2787, ,"52° 39' 19.46"" N", ,"000° 34' 02.65"" E"
R2896, ,"53° 15' 13.62"" N", ,"004° 32' 46.85"" W"
R3060, ,"52° 21' 31.20"" N", ,"000° 30' 29.40"" E"
RAMID, ,"52° 57' 28.00"" N", ,"2° 30' 0.00"" E"
RAMOX, ,"53° 39' 37.00"" N", ,"4° 50' 22.00"" W"
RANOK, ,"56° 42' 0.00"" N", ,"4° 14' 59.00"" W"
RAPIX, ,"51° 26' 38.00"" N", ,"2° 0' 0.00"" E"
RAPUM, ,"54° 55' 18.00"" N", ,"1° 52' 58.00"" W"
RATKA, ,"49° 30' 0.00"" N", ,"8° 0' 0.00"" W"
RATLO, ,"51° 59' 29.00"" N", ,"1° 40' 55.00"" E"
RATSU, ,"61° 0' 0.00"" N", ,"10° 0' 0.00"" W"
RAVLO, ,"52° 55' 1.00"" N", ,"3° 8' 54.00"" E"
REDFA, ,"52° 6' 53.00"" N", ,"2° 29' 17.00"" E"
REKNA, ,"56° 10' 29.00"" N", ,"3° 30' 0.00"" E"
REMSI, ,"53° 57' 37.00"" N", ,"3° 49' 32.00"" W"
RETSI, ,"52° 30' 42.00"" N", ,"2° 52' 33.00"" W"
REXAM, ,"53° 4' 0.00"" N", ,"3° 9' 37.00"" W"
RIBEL, ,"54° 0' 58.00"" N", ,"2° 17' 23.00"" W"
RIGDI, ,"50° 16' 15.00"" N", ,"5° 59' 29.00"" W"
RIGVU, ,"58° 47' 36.00"" N", ,"2° 9' 18.00"" E"
RIKUD, ,"54° 29' 40.00"" N", ,"1° 2' 8.00"" W"
RILES, ,"51° 56' 55.00"" N", ,"2° 55' 22.00"" W"
RIMBU, ,"51° 42' 22.00"" N", ,"2° 9' 43.00"" E"
RIMTO, ,"53° 43' 3.00"" N", ,"1° 25' 59.00"" W"
RINGA, ,"54° 23' 54.00"" N", ,"5° 34' 16.00"" W"
RINIS, ,"51° 54' 30.00"" N", ,"2° 19' 21.00"" E"
RINTI, ,"51° 1' 58.00"" N", ,"1° 36' 56.00"" E"
RISLA, ,"53° 1' 51.00"" N", ,"2° 53' 12.00"" W"
RIVOT, ,"56° 24' 29.00"" N", ,"0° 46' 37.00"" E"
ROBBO, ,"55° 53' 23.00"" N", ,"4° 54' 37.00"" W"
ROBEM, ,"55° 27' 33.00"" N", ,"1° 1' 14.00"" W"
ROBIN, ,"52° 57' 48.00"" N", ,"1° 17' 45.00"" W"
ROBLI, ,"52° 24' 15.35"" N", ,"000° 34' 39.76"" E"
RODNI, ,"51° 42' 57.00"" N", ,"0° 51' 42.00"" W"
RODOL, ,"53° 14' 17.00"" N", ,"1° 51' 43.00"" W"
RODSI, ,"54° 47' 56.00"" N", ,"2° 53' 35.00"" E"
ROGAG, ,"53° 14' 6.00"" N", ,"0° 17' 45.00"" W"
ROGBI, ,"52° 17' 47.00"" N", ,"1° 20' 6.00"" W"
ROKAN, ,"53° 39' 48.00"" N", ,"3° 11' 20.00"" E"
ROKSI, ,"50° 30' 13.00"" N", ,"2° 12' 51.00"" W"
ROLEX, ,"53° 25' 42.00"" N", ,"3° 58' 4.00"" W"
ROLUM, ,"54° 18' 20.00"" N", ,"3° 18' 31.00"" E"
ROMPA, ,"54° 0' 0.00"" N", ,"3° 35' 32.00"" E"
RONAR, ,"57° 31' 50.00"" N", ,"5° 39' 19.00"" W"
ROPAL, ,"55° 8' 17.00"" N", ,"3° 56' 43.00"" E"
ROTEV, ,"54° 1' 44.00"" N", ,"6° 3' 58.00"" W"
ROTNO, ,"50° 51' 26.00"" N", ,"0° 46' 41.00"" E"
ROWAN, ,"51° 45' 9.00"" N", ,"0° 14' 57.00"" E"
ROXAT, ,"53° 24' 49.00"" N", ,"3° 0' 0.00"" E"
RUBEX, ,"55° 19' 12.00"" N", ,"6° 56' 7.00"" W"
RUBMI, ,"50° 16' 46.00"" N", ,"2° 19' 43.00"" W"
RUGID, ,"57° 22' 9.00"" N", ,"4° 53' 55.00"" W"
SABER, ,"51° 42' 14.00"" N", ,"0° 56' 58.00"" E"
SAM02, ,"50° 59' 18.79"" N", ,"001° 20' 35.37"" W"
SAM03, ,"51° 00' 13.48"" N", ,"001° 19' 33.36"" W"
SAM05, ,"51° 02' 17.81"" N", ,"001° 18' 21.77"" W"
SAM06, ,"50° 57' 54.94"" N", ,"001° 20' 40.01"" W"
SAM07, ,"51° 04' 10.62"" N", ,"001° 17' 16.71"" W"
SAM11, ,"51° 07' 56.00"" N", ,"001° 16' 15.00"" W"
SAM12, ,"51° 04' 30.24"" N", ,"001° 20' 18.10"" W"
SAM24, ,"51° 04' 17.65"" N", ,"001° 17' 56.31"" W"
SAM25, ,"50° 50' 43.00"" N", ,"001° 58' 50.00"" W"
SAM30, ,"51° 00' 15.49"" N", ,"001° 19' 47.63"" W"
SAM31, ,"51° 03' 25.79"" N", ,"001° 15' 19.28"" W"
SAM35, ,"50° 54' 00.65"" N", ,"001° 22' 29.99"" W"
SAM36, ,"50° 48' 00.00"" N", ,"002° 14' 20.00"" W"
SAM44, ,"51° 02' 58.79"" N", ,"001° 14' 20.64"" W"
SAM49, ,"51° 02' 23.81"" N", ,"001° 13' 17.97"" W"
SAM50, ,"51° 02' 30.45"" N", ,"001° 20' 24.75"" W"
SAM52, ,"50° 07' 18.00"" N", ,"001° 40' 52.00"" W"
SAM53, ,"51° 03' 36.27"" N", ,"001° 15' 10.04"" W"
SAM70, ,"50° 49' 40.44"" N", ,"001° 24' 23.33"" W"
SAM83, ,"51° 03' 03.41"" N", ,"001° 13' 50.00"" W"
SAM91, ,"50° 50' 23.55"" N", ,"001° 22' 14.21"" W"
SAM93, ,"50° 56' 16.10"" N", ,"001° 21' 37.18"" W"
SAM94, ,"50° 52' 04.40"" N", ,"001° 25' 17.49"" W"
SAM95, ,"50° 46' 49.62"" N", ,"001° 29' 51.96"" W"
SAM98, ,"51° 00' 01.74"" N", ,"001° 19' 21.51"" W"
SAM99, ,"51° 02' 01.29"" N", ,"001° 17' 53.29"" W"
SANDY, ,"51° 3' 51.00"" N", ,"1° 4' 3.00"" E"
SAPCO, ,"52° 32' 25.00"" N", ,"1° 21' 25.00"" W"
SAPOT, ,"59° 15' 40.00"" N", ,"2° 22' 51.00"" W"
SED01, ,"51° 51' 48.88"" N", ,"000° 12' 01.58"" E"
SED04, ,"51° 49' 40.18"" N", ,"000° 08' 39.10"" E"
SED66, ,"51° 47' 48.32"" N", ,"000° 05' 44.12"" E"
SETEL, ,"54° 0' 45.00"" N", ,"2° 26' 9.00"" W"
SFD06, ,"50° 39' 48.22"" N", ,"000° 05' 05.87"" E"
SFD07, ,"50° 40' 00.00"" N", ,"000° 14' 33.00"" E"
SFD55, ,"50° 45' 43.00"" N", ,"001° 20' 16.00"" W"
SHAPP, ,"54° 30' 0.00"" N", ,"2° 37' 38.00"" W"
SHUTR, ,"52° 26' 23.18"" N", ,"000° 11' 52.95"" E"
SIERA, ,"50° 50' 11.66"" N", ,"001° 26' 25.75"" W"
SILVA, ,"51° 50' 51.00"" N", ,"1° 0' 19.00"" W"
SIREN, ,"51° 34' 15.00"" N", ,"1° 52' 29.00"" W"
SIRGO, ,"51° 37' 46.00"" N", ,"0° 38' 47.00"" E"
SITET, ,"50° 6' 0.00"" N", ,"0° 0' 0.00"" E"
SITNU, ,"51° 40' 47.13"" N", ,"001° 57' 40.23"" W"
SIVDA, ,"52° 21' 22.00"" N", ,"0° 1' 47.00"" E"
SKERY, ,"50° 0' 0.00"" N", ,"3° 10' 23.00"" W"
SKESO, ,"49° 49' 29.00"" N", ,"3° 2' 3.00"" W"
SLYDA, ,"54° 12' 4.00"" N", ,"5° 5' 15.00"" W"
SMG50, ,"50° 26' 19.53"" N", ,"004° 59' 23.92"" W"
SMG51, ,"50° 23' 28.95"" N", ,"004° 51' 51.45"" W"
SMOKI, ,"57° 46' 37.00"" N", ,"2° 35' 56.00"" W"
SOMVA, ,"52° 18' 26.00"" N", ,"2° 38' 38.00"" E"
SONDO, ,"52° 5' 6.00"" N", ,"1° 48' 42.00"" E"
SONEX, ,"53° 29' 53.00"" N", ,"2° 10' 21.00"" W"
SONOG, ,"52° 6' 20.00"" N", ,"2° 16' 10.00"" E"
SONOL, ,"53° 0' 5.00"" N", ,"2° 30' 0.00"" E"
SOPAX, ,"53° 38' 49.00"" N", ,"4° 27' 8.00"" W"
SOPEK, ,"53° 6' 32.00"" N", ,"2° 30' 0.00"" E"
SOTUN, ,"54° 10' 36.00"" N", ,"3° 37' 37.00"" E"
SOXON, ,"58° 58' 6.00"" N", ,"3° 52' 22.00"" W"
SPINN, ,"52° 24' 25.93"" N", ,"000° 10' 11.38"" E"
STAFA, ,"52° 51' 41.00"" N", ,"2° 14' 35.00"" W"
STIRA, ,"56° 8' 2.00"" N", ,"3° 50' 1.00"" W"
STOAT, ,"52° 1' 33.00"" N", ,"0° 1' 15.00"" W"
STU05, ,"51° 58' 35.00"" N", ,"006° 06' 34.00"" W"
STU30, ,"51° 45' 39.00"" N", ,"006° 02' 10.00"" W"
STU39, ,"51° 47' 16.00"" N", ,"006° 02' 42.00"" W"
STU40, ,"51° 57' 29.00"" N", ,"006° 06' 11.00"" W"
STU57, ,"51° 33' 06.00"" N", ,"006° 24' 27.00"" W"
STU61, ,"51° 31' 23.00"" N", ,"006° 29' 54.00"" W"
SUBUK, ,"54° 22' 48.00"" N", ,"3° 17' 11.00"" W"
SUPAP, ,"49° 26' 2.00"" N", ,"5° 49' 22.00"" W"
SUPEL, ,"53° 13' 40.00"" N", ,"0° 35' 28.00"" E"
SUPIT, ,"57° 19' 57.00"" N", ,"7° 5' 6.00"" W"
SURAT, ,"55° 54' 56.00"" N", ,"3° 30' 0.00"" E"
SUSIS, ,"55° 36' 17.00"" N", ,"0° 21' 2.00"" W"
SUSIX, ,"50° 37' 0.00"" N", ,"0° 58' 3.00"" W"
SWANY, ,"51° 33' 34.00"" N", ,"4° 7' 48.00"" W"
SX001, ,"51° 54' 23.51"" N", ,"000° 16' 11.24"" E"
SX004, ,"51° 56' 32.28"" N", ,"000° 19' 33.69"" E"
SX066, ,"51° 58' 23.86"" N", ,"000° 22' 29.87"" E"
TABBI, ,"52° 21' 00.73"" N", ,"000° 34' 02.33"" E"
TABEN, ,"51° 21' 49.00"" N", ,"1° 10' 22.00"" W"
TABIT, ,"55° 47' 58.00"" N", ,"5° 19' 60.00"" W"
TADAL, ,"53° 35' 14.00"" N", ,"3° 1' 35.00"" W"
TADEX, ,"54° 51' 24.00"" N", ,"8° 14' 1.00"" W"
TAKAS, ,"49° 0' 0.00"" N", ,"8° 0' 0.00"" W"
TALGA, ,"51° 57' 30.00"" N", ,"3° 14' 44.00"" W"
TALIG, ,"49° 30' 59.00"" N", ,"5° 48' 4.00"" W"
TANET, ,"51° 26' 58.00"" N", ,"0° 55' 32.00"" E"
TARTN, ,"55° 43' 2.00"" N", ,"3° 8' 19.00"" W"
TEBLO, ,"50° 57' 15.00"" N", ,"1° 13' 21.00"" E"
TEBRA, ,"51° 29' 20.00"" N", ,"1° 36' 43.00"" E"
TEDSA, ,"52° 3' 3.00"" N", ,"1° 7' 39.00"" E"
TELBA, ,"52° 39' 52.00"" N", ,"2° 19' 7.00"" W"
TENDO, ,"54° 1' 44.00"" N", ,"0° 14' 47.00"" E"
TENSO, ,"53° 36' 2.00"" N", ,"2° 12' 27.00"" W"
TERKO, ,"51° 37' 32.00"" N", ,"0° 44' 48.00"" E"
TESDO, ,"50° 7' 26.00"" N", ,"7° 7' 0.00"" W"
TETRU, ,"51° 40' 26.81"" N", ,"002° 11' 56.58"" W"
THRED, ,"50° 29' 55.00"" N", ,"1° 39' 50.00"" W"
TIGER, ,"51° 4' 2.00"" N", ,"0° 26' 22.00"" E"
TILNI, ,"54° 32' 51.00"" N", ,"1° 51' 18.00"" W"
TIMPO, ,"52° 33' 32.00"" N", ,"1° 9' 50.00"" W"
TINAN, ,"50° 40' 0.00"" N", ,"3° 26' 54.00"" W"
TINDI, ,"54° 2' 14.00"" N", ,"3° 15' 29.00"" E"
TIPAN, ,"54° 35' 54.00"" N", ,"4° 23' 56.00"" E"
TIPIL, ,"53° 10' 0.00"" N", ,"1° 44' 23.00"" W"
TIPTA, ,"54° 48' 13.00"" N", ,"1° 36' 41.00"" W"
TIVER, ,"50° 48' 33.00"" N", ,"3° 25' 26.00"" W"
TLA08, ,"55° 22' 39.00"" N", ,"003° 15' 45.00"" W"
TLA09, ,"55° 20' 57.66"" N", ,"003° 21' 10.00"" W"
TLA10, ,"55° 20' 49.71"" N", ,"003° 14' 02.55"" W"
TLA24, ,"55° 07' 40.00"" N", ,"003° 04' 43.00"" W"
TLA25, ,"55° 20' 53.25"" N", ,"002° 40' 15.41"" W"
TLA43, ,"56° 12' 00.00"" N", ,"003° 10' 51.00"" W"
TLA54, ,"56° 23' 10.00"" N", ,"003° 08' 03.00"" W"
TNT18, ,"52° 45' 19.67"" N", ,"001° 37' 37.08"" W"
TNT19, ,"52° 44' 24.11"" N", ,"001° 44' 00.58"" W"
TNT23, ,"52° 40' 26.21"" N", ,"001° 44' 48.28"" W"
TNT25, ,"53° 24' 41.00"" N", ,"001° 12' 34.00"" W"
TNT26, ,"52° 37' 27.78"" N", ,"001° 45' 23.96"" W"
TNT30, ,"52° 33' 23.39"" N", ,"001° 35' 54.97"" W"
TNT41, ,"53° 21' 29.00"" N", ,"000° 39' 21.00"" W"
TOBIX, ,"51° 36' 17.00"" N", ,"1° 16' 51.00"" E"
TOLSA, ,"53° 7' 37.00"" N", ,"3° 6' 29.00"" E"
TOPRO, ,"51° 54' 42.00"" N", ,"3° 14' 57.00"" W"
TOTRI, ,"51° 46' 30.00"" N", ,"0° 11' 48.00"" E"
TRIPO, ,"51° 42' 47.00"" N", ,"1° 4' 58.00"" E"
TRN01, ,"55° 29' 01.32"" N", ,"004° 31' 31.80"" W"
TRN04, ,"55° 27' 57.34"" N", ,"004° 28' 34.89"" W"
TRN07, ,"55° 31' 19.20"" N", ,"004° 37' 41.88"" W"
TRN08, ,"55° 26' 30.71"" N", ,"004° 43' 23.88"" W"
TRN09, ,"55° 23' 32.88"" N", ,"004° 33' 38.96"" W"
TRN10, ,"55° 24' 42.74"" N", ,"004° 19' 43.59"" W"
TRN12, ,"55° 25' 07.52"" N", ,"004° 29' 10.57"" W"
TRN13, ,"55° 23' 05.22"" N", ,"004° 15' 18.53"" W"
TRN29, ,"55° 32' 30.25"" N", ,"004° 40' 57.02"" W"
TRN31, ,"55° 28' 26.37"" N", ,"004° 42' 29.12"" W"
TRN51, ,"55° 33' 29.68"" N", ,"004° 52' 04.40"" W"
TRN60, ,"55° 34' 09.12"" N", ,"004° 45' 34.04"" W"
TRN61, ,"55° 31' 50.40"" N", ,"004° 55' 51.72"" W"
TRN70, ,"55° 30' 53.17"" N", ,"004° 36' 37.94"" W"
TRN85, ,"55° 30' 33.37"" N", ,"004° 51' 03.62"" W"
TRN91, ,"55° 25' 11.97"" N", ,"004° 21' 03.19"" W"
TRN95, ,"55° 29' 58.67"" N", ,"004° 54' 35.69"" W"
TROUT, ,"57° 30' 36.00"" N", ,"1° 24' 54.00"" W"
TUMTI, ,"53° 4' 40.00"" N", ,"1° 36' 15.00"" W"
TUNEL, ,"51° 26' 35.00"" N", ,"0° 13' 52.00"" E"
TUNSO, ,"55° 6' 40.00"" N", ,"4° 57' 41.00"" W"
TUPEM, ,"53° 50' 17.00"" N", ,"3° 28' 55.00"" W"
ULLAP, ,"57° 54' 0.00"" N", ,"5° 10' 9.00"" W"
UMBAG, ,"52° 20' 52.00"" N", ,"0° 46' 57.00"" E"
UMBEL, ,"54° 1' 44.00"" N", ,"0° 29' 7.00"" W"
UNBIG, ,"51° 44' 27.00"" N", ,"3° 35' 2.00"" W"
UPTON, ,"53° 35' 13.00"" N", ,"1° 18' 3.00"" W"
UVAVU, ,"54° 25' 0.00"" N", ,"1° 53' 46.00"" W"
VABIK, ,"51° 14' 47.00"" N", ,"2° 0' 0.00"" E"
VADNO, ,"57° 27' 11.00"" N", ,"3° 37' 38.00"" W"
VANIN, ,"53° 59' 7.00"" N", ,"4° 2' 21.00"" W"
VAPID, ,"51° 15' 14.00"" N", ,"1° 2' 42.00"" W"
VATON, ,"51° 26' 4.00"" N", ,"0° 20' 56.00"" W"
VEGUS, ,"53° 24' 1.00"" N", ,"0° 21' 11.00"" W"
VENAS, ,"54° 18' 20.00"" N", ,"3° 39' 8.00"" E"
VEXEN, ,"50° 8' 22.00"" N", ,"1° 49' 34.00"" W"
VIDOK, ,"52° 24' 39.00"" N", ,"2° 2' 31.00"" W"
VYL01, ,"53° 21' 57.16"" N", ,"004° 49' 26.87"" W"
VYL06, ,"53° 19' 18.29"" N", ,"004° 40' 09.11"" W"
VYL10, ,"53° 22' 01.50"" N", ,"004° 45' 02.36"" W"
VYL11, ,"53° 15' 52.92"" N", ,"004° 34' 03.00"" W"
VYL12, ,"53° 05' 23.39"" N", ,"004° 43' 29.29"" W"
VYL20, ,"53° 14' 19.47"" N", ,"003° 59' 24.44"" W"
VYL28, ,"53° 17' 07.57"" N", ,"004° 36' 14.92"" W"
VYL65, ,"53° 19' 40.24"" N", ,"004° 21' 20.01"" W"
VYL80, ,"52° 55' 37.48"" N", ,"004° 28' 37.26"" W"
WAD01, ,"53° 08' 58.16"" N", ,"000° 32' 06.48"" W"
WAD03, ,"53° 06' 58.06"" N", ,"000° 32' 26.26"" W"
WAD07, ,"53° 16' 17.80"" N", ,"000° 27' 15.41"" W"
WAD08, ,"53° 11' 17.12"" N", ,"000° 30' 33.37"" W"
WAD20, ,"53° 08' 27.08"" N", ,"000° 33' 51.25"" W"
WAD27, ,"53° 21' 40.74"" N", ,"000° 23' 41.15"" W"
WAD35, ,"53° 13' 06.88"" N", ,"000° 29' 15.28"" W"
WAD45, ,"53° 19' 27.38"" N", ,"000° 16' 55.40"" W"
WAFFU, ,"50° 34' 57.00"" N", ,"0° 20' 59.00"" E"
WAL05, ,"52° 59' 00.00"" N", ,"003° 10' 00.00"" W"
WAL15, ,"53° 07' 46.00"" N", ,"003° 09' 19.00"" W"
WAL16, ,"53° 32' 47.00"" N", ,"003° 29' 53.00"" W"
WAL21, ,"53° 25' 05.00"" N", ,"003° 43' 03.00"" W"
WAL26, ,"53° 25' 26.00"" N", ,"003° 51' 24.00"" W"
WAL33, ,"53° 04' 00.00"" N", ,"002° 24' 41.00"" W"
WAL35, ,"52° 48' 35.00"" N", ,"003° 10' 50.00"" W"
WAL41, ,"52° 58' 33.00"" N", ,"002° 12' 47.00"" W"
WAL48, ,"53° 32' 05.00"" N", ,"001° 49' 16.00"" W"
WAL57, ,"52° 48' 57.00"" N", ,"001° 52' 03.00"" W"
WATFO, ,"51° 40' 33.00"" N", ,"0° 20' 54.00"" W"
WEALD, ,"51° 19' 51.00"" N", ,"0° 2' 5.00"" E"
WELIN, ,"52° 14' 50.00"" N", ,"0° 51' 8.00"" W"
WESUL, ,"51° 40' 15.00"" N", ,"0° 29' 9.00"" E"
WIK10, ,"58° 18' 15.00"" N", ,"002° 59' 05.00"" W"
WIT02, ,"52° 37' 01.62"" N", ,"000° 26' 46.26"" W"
WIT04, ,"52° 36' 40.43"" N", ,"000° 36' 28.61"" W"
WIT10, ,"52° 39' 13.47"" N", ,"000° 14' 08.81"" W"
WIT12, ,"52° 39' 46.22"" N", ,"000° 10' 59.25"" W"
WIT40, ,"52° 36' 16.11"" N", ,"000° 23' 22.29"" W"
WIT95, ,"52° 35' 50.34"" N", ,"000° 10' 16.21"" W"
WIZAD, ,"51° 7' 0.00"" N", ,"0° 57' 11.00"" E"
WOBUN, ,"52° 1' 10.00"" N", ,"0° 43' 60.00"" W"
WOD25, ,"51° 08' 47.00"" N", ,"000° 25' 50.00"" W"
WOTAN, ,"51° 37' 26.00"" N", ,"2° 20' 6.00"" W"
WQ007, ,"53° 46' 59.93"" N", ,"002° 41' 02.61"" W"
WTN01, ,"53° 44' 16.78"" N", ,"002° 55' 14.25"" W"
WTN05, ,"53° 43' 42.66"" N", ,"003° 01' 54.24"" W"
WTN13, ,"53° 50' 15.76"" N", ,"003° 13' 08.57"" W"
WTN26, ,"53° 42' 33.32"" N", ,"003° 15' 13.67"" W"
WTN27, ,"53° 44' 08.05"" N", ,"003° 15' 27.40"" W"
WTN30, ,"53° 51' 09.40"" N", ,"003° 16' 09.72"" W"
WTN95, ,"53° 43' 25.88"" N", ,"002° 37' 39.73"" W"
WTZ25, ,"52° 13' 29.00"" N", ,"001° 36' 09.00"" E"
WTZ37, ,"52° 04' 47.00"" N", ,"001° 56' 50.00"" E"
XAMAB, ,"50° 12' 16.00"" N", ,"0° 15' 53.00"" E"
XAMAN, ,"51° 47' 5.00"" N", ,"2° 13' 27.00"" E"
XEDUR, ,"52° 23' 39.19"" N", ,"000° 42' 36.07"" E"
XERSA, ,"52° 25' 17.71"" N", ,"000° 35' 24.77"" E"
XIDIL, ,"50° 21' 6.00"" N", ,"0° 38' 29.00"" E"
XIGAR, ,"51° 48' 50.00"" N", ,"0° 15' 46.00"" E"
ABDAL, ,"51° 26' 46.00"" N", ,"1° 51' 48.00"" W"
ACORN, ,"51° 15' 19.00"" N", ,"0° 11' 46.00"" E"
AGANO, ,"49° 39' 54.00"" N", ,"2° 0' 0.00"" W"
AGORI, ,"57° 0' 0.00"" N", ,"13° 0' 0.00"" W"
ALESO, ,"50° 34' 32.00"" N", ,"1° 13' 32.00"" E"
ALLOY, ,"61° 21' 22.00"" N", ,"1° 47' 18.00"" E"
ALOTI, ,"57° 54' 27.00"" N", ,"3° 36' 30.00"" E"
AMLET, ,"53° 16' 7.00"" N", ,"1° 50' 18.00"" W"
ANGLA, ,"49° 42' 14.00"" N", ,"2° 1' 15.00"" W"
ANGLO, ,"49° 55' 42.00"" N", ,"0° 27' 18.00"" W"
ARKIL, ,"50° 39' 28.00"" N", ,"8° 0' 0.00"" W"
ARTHA, ,"53° 46' 59.00"" N", ,"2° 17' 7.00"" W"
ASKEY, ,"52° 0' 50.00"" N", ,"0° 3' 10.00"" W"
ASTRA, ,"50° 51' 56.00"" N", ,"0° 8' 47.00"" W"
ATSUR, ,"50° 0' 0.00"" N", ,"14° 0' 0.00"" W"
ATWEL, ,"50° 50' 51.00"" N", ,"3° 25' 1.00"" W"
AVRAL, ,"55° 30' 34.00"" N", ,"3° 42' 59.00"" E"
BAGPO, ,"55° 0' 28.00"" N", ,"3° 11' 38.00"" W"
BAKUR, ,"52° 14' 30.00"" N", ,"5° 40' 49.00"" W"
BALIS, ,"57° 14' 3.00"" N", ,"2° 3' 54.00"" W"
BAMBO, ,"51° 52' 37.00"" N", ,"1° 37' 0.00"" W"
BANBA, ,"51° 57' 10.00"" N", ,"6° 14' 21.00"" W"
BAPAG, ,"51° 43' 5.00"" N", ,"0° 7' 24.00"" W"
BAROS, ,"53° 24' 22.00"" N", ,"3° 26' 43.00"" W"
BEDRA, ,"49° 0' 0.00"" N", ,"15° 0' 0.00"" W"
BEGAS, ,"45° 0' 0.00"" N", ,"9° 0' 0.00"" W"
BEGID, ,"56° 30' 0.00"" N", ,"14° 0' 0.00"" W"
BEMID, ,"51° 34' 26.00"" N", ,"0° 20' 56.00"" E"
BENIX, ,"49° 32' 48.00"" N", ,"1° 29' 24.00"" W"
BENTY, ,"59° 46' 15.00"" N", ,"1° 8' 10.00"" W"
BEREP, ,"59° 2' 9.00"" N", ,"1° 44' 20.00"" E"
BEVAV, ,"49° 4' 1.00"" N", ,"1° 41' 26.00"" W"
BEXIL, ,"50° 42' 32.00"" N", ,"0° 44' 13.00"" E"
BIGLI, ,"52° 7' 48.00"" N", ,"0° 14' 30.00"" W"
BILTO, ,"56° 30' 0.00"" N", ,"15° 0' 0.00"" W"
BIMGO, ,"49° 30' 0.00"" N", ,"14° 0' 0.00"" W"
BODAM, ,"59° 55' 6.00"" N", ,"1° 16' 6.00"" W"
BOLRO, ,"50° 0' 0.00"" N", ,"1° 41' 29.00"" W"
BONDY, ,"51° 7' 53.00"" N", ,"0° 45' 27.00"" E"
BOVVA, ,"51° 43' 34.00"" N", ,"0° 32' 59.00"" W"
BRILL, ,"49° 42' 9.00"" N", ,"2° 23' 23.00"" W"
BURNI, ,"53° 43' 38.00"" N", ,"2° 31' 4.00"" W"
CASEL, ,"53° 49' 52.00"" N", ,"4° 10' 57.00"" W"
CEDAR, ,"52° 31' 7.00"" N", ,"1° 49' 12.00"" W"
CHANL, ,"50° 27' 15.00"" N", ,"0° 11' 23.00"" E"
CHUBB, ,"49° 25' 54.00"" N", ,"2° 48' 30.00"" W"
COLRE, ,"55° 6' 59.00"" N", ,"6° 44' 2.00"" W"
CREWE, ,"52° 49' 7.00"" N", ,"2° 18' 27.00"" W"
DALEY, ,"53° 40' 8.00"" N", ,"2° 20' 57.00"" W"
DAYNE, ,"53° 14' 19.00"" N", ,"2° 1' 45.00"" W"
DEGOS, ,"54° 11' 21.00"" N", ,"6° 54' 23.00"" W"
DELBO, ,"51° 52' 37.00"" N", ,"1° 16' 24.00"" W"
DETOP, ,"55° 14' 41.00"" N", ,"5° 0' 0.00"" E"
DIKRO, ,"49° 35' 5.00"" N", ,"1° 6' 39.00"" W"
DINIM, ,"51° 0' 0.00"" N", ,"15° 0' 0.00"" W"
DIPSO, ,"53° 3' 13.00"" N", ,"1° 20' 39.00"" W"
DOGAL, ,"54° 0' 0.00"" N", ,"15° 0' 0.00"" W"
DONNA, ,"51° 42' 0.00"" N", ,"0° 44' 37.00"" W"
DORKI, ,"51° 16' 33.00"" N", ,"0° 15' 52.00"" W"
DUFFY, ,"54° 30' 53.00"" N", ,"5° 51' 39.00"" W"
DUNGV, ,"54° 53' 44.00"" N", ,"6° 47' 24.00"" W"
DUNLO, ,"53° 19' 48.00"" N", ,"5° 30' 0.00"" W"
EBONY, ,"52° 20' 30.00"" N", ,"2° 3' 30.00"" W"
ELBAN, ,"55° 57' 17.00"" N", ,"4° 30' 16.00"" W"
ELBOB, ,"54° 43' 58.00"" N", ,"7° 44' 38.00"" W"
ELSOX, ,"51° 0' 0.00"" N", ,"14° 0' 0.00"" W"
EMPER, ,"49° 0' 0.00"" N", ,"9° 0' 0.00"" W"
ENOKA, ,"55° 20' 10.00"" N", ,"3° 39' 46.00"" W"
EPUNA, ,"50° 30' 0.00"" N", ,"14° 0' 0.00"" W"
ESTRY, ,"53° 39' 52.00"" N", ,"3° 15' 42.00"" W"
ETARI, ,"55° 30' 0.00"" N", ,"15° 0' 0.00"" W"
ETIKI, ,"48° 0' 0.00"" N", ,"8° 45' 0.00"" W"
EVNAS, ,"51° 40' 4.00"" N", ,"0° 26' 38.00"" E"
EVRIN, ,"51° 46' 56.00"" N", ,"6° 33' 48.00"" W"
EVSEM, ,"51° 43' 50.00"" N", ,"1° 27' 45.00"" W"
FAMBO, ,"54° 30' 0.00"" N", ,"0° 27' 52.00"" W"
FERAS, ,"51° 38' 9.00"" N", ,"0° 38' 25.00"" E"
FIMLI, ,"51° 18' 4.00"" N", ,"0° 40' 6.00"" W"
GINTI, ,"51° 34' 43.00"" N", ,"0° 22' 12.00"" E"
GIPER, ,"51° 0' 0.00"" N", ,"12° 0' 0.00"" W"
GIRNU, ,"60° 28' 25.00"" N", ,"0° 37' 10.00"" W"
GODOS, ,"53° 14' 57.00"" N", ,"3° 25' 47.00"" E"
GOREV, ,"56° 3' 12.00"" N", ,"5° 0' 0.00"" E"
GORSE, ,"57° 10' 37.00"" N", ,"1° 53' 51.00"" W"
GROVE, ,"52° 23' 38.00"" N", ,"1° 55' 44.00"" W"
GULDA, ,"49° 23' 7.00"" N", ,"1° 55' 3.00"" W"
GUNPA, ,"61° 0' 0.00"" N", ,"0° 0' 0.00"" E"
GUNSO, ,"49° 3' 10.00"" N", ,"11° 46' 6.00"" W"
GURLU, ,"50° 28' 40.00"" N", ,"0° 58' 7.00"" E"
HILLY, ,"51° 20' 6.00"" N", ,"0° 14' 37.00"" E"
HOGBA, ,"51° 13' 41.00"" N", ,"0° 29' 43.00"" W"
HOLLY, ,"50° 53' 12.00"" N", ,"0° 5' 42.00"" W"
IBROD, ,"56° 30' 0.00"" N", ,"10° 0' 0.00"" W"
INBOB, ,"55° 36' 25.00"" N", ,"5° 0' 0.00"" E"
INGUR, ,"51° 42' 42.00"" N", ,"2° 51' 37.00"" W"
IZACK, ,"59° 53' 27.00"" N", ,"1° 1' 13.00"" W"
KESIX, ,"56° 57' 0.00"" N", ,"14° 0' 0.00"" W"
KETIK, ,"49° 19' 24.00"" N", ,"1° 52' 23.00"" W"
KINDR, ,"53° 23' 34.00"" N", ,"1° 56' 10.00"" W"
KLONN, ,"58° 23' 24.00"" N", ,"2° 49' 44.00"" E"
KOGAD, ,"49° 30' 0.00"" N", ,"15° 0' 0.00"" W"
KOKIB, ,"54° 30' 0.00"" N", ,"14° 0' 0.00"" W"
KOKOS, ,"48° 54' 25.00"" N", ,"1° 40' 34.00"" W"
KOTEM, ,"50° 0' 0.00"" N", ,"1° 3' 14.00"" W"
KUGUR, ,"55° 30' 0.00"" N", ,"10° 0' 0.00"" W"
KUKIS, ,"51° 41' 56.00"" N", ,"3° 4' 37.00"" W"
LAGER, ,"53° 36' 40.00"" N", ,"0° 8' 49.00"" W"
LAGUL, ,"49° 26' 14.00"" N", ,"2° 36' 13.00"" W"
LANLO, ,"49° 59' 27.00"" N", ,"5° 57' 8.00"" W"
LAPEX, ,"47° 0' 0.00"" N", ,"8° 0' 0.00"" W"
LARCK, ,"50° 54' 42.00"" N", ,"0° 26' 48.00"" E"
LASNO, ,"48° 35' 54.00"" N", ,"9° 0' 0.00"" W"
LELNA, ,"49° 58' 57.00"" N", ,"2° 6' 23.00"" W"
LERAK, ,"49° 1' 8.00"" N", ,"2° 24' 31.00"" W"
LESRA, ,"55° 23' 8.00"" N", ,"5° 0' 0.00"" E"
LIBBA, ,"55° 43' 26.00"" N", ,"3° 44' 43.00"" W"
LIFFY, ,"53° 28' 48.00"" N", ,"5° 30' 0.00"" W"
LISBO, ,"54° 31' 30.00"" N", ,"6° 5' 24.00"" W"
LIZAD, ,"49° 35' 25.00"" N", ,"4° 19' 49.00"" W"
LONAM, ,"53° 50' 22.00"" N", ,"3° 56' 33.00"" E"
LONLO, ,"52° 46' 49.00"" N", ,"2° 0' 51.00"" W"
LORKU, ,"49° 56' 18.00"" N", ,"2° 22' 16.00"" W"
LUMBA, ,"50° 56' 44.00"" N", ,"0° 15' 42.00"" E"
LUNEX, ,"54° 50' 36.00"" N", ,"7° 15' 31.00"" W"
LUSIT, ,"49° 12' 53.00"" N", ,"1° 47' 44.00"" W"
MADOX, ,"58° 43' 43.00"" N", ,"3° 46' 39.00"" W"
MAGEE, ,"54° 47' 30.00"" N", ,"5° 36' 30.00"" W"
MANTA, ,"49° 42' 12.00"" N", ,"2° 35' 30.00"" W"
MAPAG, ,"51° 0' 0.00"" N", ,"8° 30' 0.00"" W"
MAVET, ,"54° 2' 57.00"" N", ,"3° 31' 4.00"" W"
MAYLA, ,"51° 37' 41.00"" N", ,"0° 43' 12.00"" E"
MINQI, ,"49° 1' 60.00"" N", ,"2° 3' 25.00"" W"
MIRSI, ,"53° 32' 17.00"" N", ,"2° 42' 42.00"" W"
MOGLO, ,"55° 30' 0.00"" N", ,"14° 0' 0.00"" W"
MOLAK, ,"54° 36' 49.00"" N", ,"9° 30' 23.00"" W"
MOODY, ,"50° 20' 42.00"" N", ,"3° 54' 12.00"" W"
MORAG, ,"52° 45' 10.00"" N", ,"5° 30' 0.00"" W"
MOSIS, ,"49° 0' 26.00"" N", ,"7° 12' 53.00"" W"
MOSUN, ,"51° 53' 38.00"" N", ,"2° 26' 10.00"" W"
MOTOX, ,"50° 57' 28.00"" N", ,"1° 28' 0.00"" E"
MOVEN, ,"52° 3' 43.00"" N", ,"1° 48' 47.00"" W"
MULIT, ,"51° 0' 47.00"" N", ,"3° 23' 19.00"" W"
NAVPI, ,"52° 32' 50.00"" N", ,"2° 50' 26.00"" E"
NERTU, ,"49° 0' 0.00"" N", ,"14° 0' 0.00"" W"
NESOL, ,"57° 55' 17.00"" N", ,"3° 35' 11.00"" E"
NESON, ,"54° 13' 46.00"" N", ,"7° 7' 24.00"" W"
NESTA, ,"60° 0' 0.00"" N", ,"4° 10' 0.00"" W"
NETKI, ,"55° 0' 0.00"" N", ,"14° 0' 0.00"" W"
NEVIL, ,"50° 0' 0.00"" N", ,"0° 22' 6.00"" W"
NIBOG, ,"55° 0' 0.00"" N", ,"10° 0' 0.00"" W"
NIPIT, ,"54° 27' 9.00"" N", ,"8° 24' 10.00"" W"
NIVUN, ,"57° 34' 12.00"" N", ,"4° 8' 13.00"" E"
NOBAL, ,"57° 15' 18.00"" N", ,"2° 3' 36.00"" W"
NORBO, ,"55° 35' 45.00"" N", ,"4° 45' 43.00"" W"
NORDA, ,"49° 47' 12.00"" N", ,"1° 5' 42.00"" W"
NORLA, ,"51° 37' 9.00"" N", ,"6° 52' 11.00"" W"
NUGRA, ,"53° 1' 46.00"" N", ,"2° 18' 14.00"" W"
NUTBA, ,"52° 38' 49.00"" N", ,"0° 55' 0.00"" W"
ODIMI, ,"51° 13' 58.00"" N", ,"0° 56' 55.00"" W"
ODPIX, ,"53° 0' 5.00"" N", ,"1° 15' 55.00"" W"
OLIVE, ,"52° 24' 12.00"" N", ,"1° 56' 12.00"" W"
OMOKO, ,"48° 50' 20.00"" N", ,"12° 0' 0.00"" W"
ORIST, ,"50° 0' 0.00"" N", ,"1° 50' 42.00"" W"
ORMER, ,"49° 36' 4.00"" N", ,"2° 51' 29.00"" W"
ORTAC, ,"49° 59' 57.00"" N", ,"2° 0' 18.00"" W"
ORVAL, ,"49° 2' 2.00"" N", ,"1° 49' 31.00"" W"
OSBOX, ,"56° 48' 23.00"" N", ,"12° 48' 6.00"" W"
OYSTA, ,"49° 6' 0.00"" N", ,"2° 31' 24.00"" W"
PEPOD, ,"54° 16' 16.00"" N", ,"5° 34' 9.00"" W"
PERCH, ,"49° 7' 45.00"" N", ,"1° 56' 14.00"" W"
PETIL, ,"55° 56' 20.00"" N", ,"5° 0' 0.00"" E"
PETOX, ,"57° 33' 33.00"" N", ,"1° 49' 2.00"" W"
PIGOT, ,"52° 29' 43.00"" N", ,"1° 4' 7.00"" W"
PIKEY, ,"49° 28' 37.00"" N", ,"2° 13' 32.00"" W"
PIKIL, ,"56° 0' 0.00"" N", ,"15° 0' 0.00"" W"
PIKOD, ,"49° 24' 38.00"" N", ,"5° 15' 59.00"" W"
PLYMO, ,"50° 20' 45.00"" N", ,"4° 37' 37.00"" W"
POMAX, ,"51° 31' 38.00"" N", ,"2° 4' 52.00"" W"
REGHI, ,"48° 0' 0.00"" N", ,"8° 0' 0.00"" W"
RESNO, ,"55° 0' 0.00"" N", ,"15° 0' 0.00"" W"
RIDLY, ,"51° 38' 52.00"" N", ,"0° 54' 0.00"" E"
RISIN, ,"51° 41' 39.00"" N", ,"1° 26' 28.00"" W"
RIVAK, ,"46° 0' 0.00"" N", ,"8° 0' 0.00"" W"
RODEL, ,"50° 30' 0.00"" N", ,"15° 0' 0.00"" W"
ROKOS, ,"50° 51' 13.00"" N", ,"1° 11' 15.00"" E"
ROKUP, ,"53° 1' 2.00"" N", ,"1° 30' 57.00"" W"
ROMTI, ,"51° 2' 6.00"" N", ,"0° 55' 20.00"" E"
ROSUN, ,"53° 40' 8.00"" N", ,"2° 20' 57.00"" W"
RUGER, ,"53° 28' 58.00"" N", ,"3° 26' 52.00"" W"
SALCO, ,"49° 44' 14.00"" N", ,"3° 31' 46.00"" W"
SAMON, ,"51° 19' 21.00"" N", ,"7° 25' 4.00"" W"
SANBA, ,"53° 8' 22.00"" N", ,"2° 20' 3.00"" W"
SENLO, ,"49° 4' 60.00"" N", ,"1° 10' 42.00"" W"
SEPAL, ,"47° 0' 0.00"" N", ,"8° 45' 0.00"" W"
SHARK, ,"49° 11' 23.00"" N", ,"2° 25' 46.00"" W"
SHRUB, ,"57° 18' 1.00"" N", ,"1° 48' 55.00"" W"
SILOK, ,"59° 46' 12.00"" N", ,"1° 28' 60.00"" W"
SIVIR, ,"46° 0' 0.00"" N", ,"8° 45' 0.00"" W"
SKINA, ,"52° 48' 17.00"" N", ,"1° 46' 23.00"" W"
SLANY, ,"52° 9' 31.00"" N", ,"5° 50' 32.00"" W"
SOBDO, ,"50° 4' 26.00"" N", ,"7° 7' 0.00"" W"
SODKI, ,"58° 47' 51.00"" N", ,"3° 37' 53.00"" W"
ABAKU,,"51° 40' 37.00"" N",,"019° 04' 53.00"" E"
ABERO,,"52° 13' 42.00"" N",,"023° 12' 30.00"" E"
ABEXA,,"51° 36' 17.00"" N",,"020° 55' 18.00"" E"
ADIKA,,"51° 32' 18.00"" N",,"021° 19' 46.00"" E"
ADOKI,,"49° 56' 09.00"" N",,"020° 38' 45.00"" E"
AGALU,,"51° 28' 17.00"" N",,"017° 23' 08.00"" E"
AGAVA,,"51° 34' 53.00"" N",,"019° 57' 39.00"" E"
ALUKA,,"52° 53' 54.59"" N",,"014° 18' 20.07"" E"
AMPAK,,"55° 12' 08.00"" N",,"017° 07' 16.00"" E"
AMROR,,"54° 53' 24.00"" N",,"015° 05' 50.00"" E"
AMUTO,,"52° 20' 00.00"" N",,"018° 56' 45.00"" E"
ANEPI,,"52° 00' 57.68"" N",,"020° 33' 56.79"" E"
APTAS,,"50° 54' 41.00"" N",,"017° 41' 45.00"" E"
ARMEX,,"51° 29' 44.00"" N",,"017° 07' 26.00"" E"
ARSOG,,"49° 59' 26.00"" N",,"022° 41' 59.00"" E"
ASLUX,,"52° 19' 14.00"" N",,"022° 09' 38.00"" E"
ATGAN,,"52° 04' 52.00"" N",,"021° 13' 20.00"" E"
BABEN,,"54° 23' 17.00"" N",,"015° 14' 31.00"" E"
BADNO,,"51° 45' 00.00"" N",,"017° 40' 42.00"" E"
BADUP,,"52° 03' 33.00"" N",,"017° 25' 16.00"" E"
BAGAP,,"51° 36' 00.00"" N",,"019° 45' 42.00"" E"
BALBA,,"50° 51' 42.00"" N",,"023° 01' 24.00"" E"
BALOS,,"50° 16' 32.00"" N",,"019° 39' 30.00"" E"
BAMSO,,"52° 20' 09.00"" N",,"021° 54' 34.00"" E"
BANET,,"50° 21' 59.00"" N",,"018° 55' 45.00"" E"
BANUN,,"51° 10' 41.00"" N",,"016° 25' 36.00"" E"
BAPAS,,"52° 10' 43.00"" N",,"015° 31' 11.00"" E"
BAREP,,"52° 16' 16.00"" N",,"015° 33' 52.00"" E"
BAREX,,"50° 53' 40.00"" N",,"018° 44' 18.00"" E"
BAVOK,,"50° 00' 10.00"" N",,"018° 11' 43.00"" E"
BAXIS,,"51° 48' 31.00"" N",,"018° 51' 50.00"" E"
BEBAL,,"53° 15' 55.00"" N",,"018° 19' 59.00"" E"
BEDAM,,"53° 44' 23.00"" N",,"015° 11' 32.00"" E"
BEDUN,,"50° 31' 04.00"" N",,"018° 34' 05.00"" E"
BESOT,,"52° 55' 18.00"" N",,"022° 56' 40.00"" E"
BESTO,,"51° 43' 48.00"" N",,"017° 23' 56.00"" E"
BIBKA,,"53° 11' 27.00"" N",,"018° 57' 18.00"" E"
BIMPA,,"52° 22' 28.00"" N",,"019° 46' 29.00"" E"
BINKA,,"53° 45' 31.69"" N",,"014° 16' 27.99"" E"
BUDIR,,"51° 22' 59.00"" N",,"016° 56' 44.00"" E"
BULEP,,"52° 46' 16.00"" N",,"022° 25' 08.00"" E"
BUNIX,,"51° 52' 55.00"" N",,"017° 21' 11.00"" E"
BURAN,,"54° 10' 49.00"" N",,"017° 01' 47.00"" E"
DEKUT,,"53° 06' 58.00"" N",,"017° 02' 07.00"" E"
DELIR,,"53° 04' 50.00"" N",,"017° 06' 49.00"" E"
DEMIN,,"50° 00' 06.00"" N",,"021° 30' 40.00"" E"
DEMUR,,"54° 04' 48.00"" N",,"015° 00' 28.00"" E"
DERAM,,"51° 50' 49.00"" N",,"019° 16' 51.00"" E"
DEVEL,,"54° 43' 51.00"" N",,"015° 44' 53.00"" E"
DEXIR,,"54° 13' 27.00"" N",,"017° 26' 56.00"" E"
DIMEX,,"51° 37' 50.00"" N",,"016° 07' 43.00"" E"
DINOV,,"50° 55' 43.00"" N",,"016° 05' 08.00"" E"
DIPKI,,"52° 12' 10.00"" N",,"017° 27' 46.00"" E"
DODAN,,"53° 21' 10.00"" N",,"015° 25' 38.00"" E"
DODER,,"51° 12' 13.00"" N",,"016° 33' 32.00"" E"
DOMAG,,"54° 58' 28.00"" N",,"017° 41' 08.00"" E"
DOSAL,,"53° 23' 55.00"" N",,"015° 23' 32.00"" E"
EBIMA,,"53° 17' 39.00"" N",,"022° 55' 45.00"" E"
EBOGU,,"53° 22' 44.00"" N",,"018° 08' 59.00"" E"
EDULO,,"52° 24' 09.00"" N",,"020° 41' 13.80"" E"
EGLON,,"51° 25' 00.00"" N",,"021° 59' 05.00"" E"
EKSEK,,"51° 07' 42.00"" N",,"015° 36' 39.00"" E"
ELKAR,,"53° 41' 54.00"" N",,"020° 30' 00.00"" E"
ELPOL,,"54° 36' 23.00"" N",,"015° 38' 02.00"" E"
ERGON,,"52° 54' 22.00"" N",,"014° 09' 24.00"" E"
ERNAP,,"50° 26' 28.00"" N",,"020° 08' 52.00"" E"
ETUBO,,"52° 28' 09.00"" N",,"022° 57' 45.00"" E"
EVINA,,"51° 23' 16.00"" N",,"020° 21' 36.00"" E"
GAGRO,,"51° 19' 51.00"" N",,"017° 13' 29.00"" E"
GALBU,,"50° 38' 33.00"" N",,"018° 04' 55.00"" E"
GAMRO,,"49° 56' 13.00"" N",,"020° 46' 24.00"" E"
GDA08,,"54° 22' 00.55"" N",,"018° 30' 23.15"" E"
GDA09,,"54° 19' 12.35"" N",,"018° 40' 57.74"" E"
GDA38,,"54° 20' 46.27"" N",,"018° 35' 02.91"" E"
GERVI,,"52° 09' 19.00"" N",,"022° 12' 03.00"" E"
GIGAL,,"51° 04' 43.00"" N",,"016° 29' 31.00"" E"
GILAS,,"52° 37' 54.00"" N",,"014° 31' 33.00"" E"
GINOK,,"52° 31' 35.00"" N",,"016° 28' 44.00"" E"
GIPOS,,"51° 41' 54.00"" N",,"019° 42' 36.00"" E"
GIRLU,,"50° 33' 30.00"" N",,"019° 40' 39.00"" E"
GIXOL,,"49° 49' 45.00"" N",,"019° 21' 07.00"" E"
GODLO,,"51° 00' 14.00"" N",,"016° 30' 15.00"" E"
GOMEX,,"53° 44' 04.00"" N",,"015° 14' 34.00"" E"
GOMOR,,"51° 11' 00.00"" N",,"017° 37' 02.00"" E"
GONTU,,"53° 29' 44.00"" N",,"019° 19' 07.00"" E"
GORAT,,"53° 10' 41.00"" N",,"023° 53' 39.00"" E"
GOSAK,,"50° 33' 28.00"" N",,"020° 18' 16.00"" E"
GOSED,,"51° 58' 34.00"" N",,"021° 07' 56.00"" E"
GOSOT,,"54° 48' 20.00"" N",,"014° 51' 28.00"" E"
GOTIX,,"50° 01' 18.00"" N",,"023° 12' 43.00"" E"
GOVEN,,"52° 03' 30.00"" N",,"014° 45' 20.00"" E"
IBARA,,"51° 56' 58.00"" N",,"019° 26' 32.00"" E"
IBEKA,,"50° 01' 40.00"" N",,"018° 56' 30.00"" E"
IDEXU,,"52° 41' 50.00"" N",,"017° 02' 10.00"" E"
INDIG,,"51° 59' 48.00"" N",,"018° 00' 00.00"" E"
IPLIT,,"54° 38' 16.00"" N",,"019° 21' 20.00"" E"
IRGET,,"53° 40' 11.00"" N",,"014° 36' 53.00"" E"
KEKUS,,"50° 17' 06.00"" N",,"018° 35' 09.00"" E"
KELOD,,"52° 14' 02.00"" N",,"015° 53' 00.00"" E"
KEMUM,,"54° 29' 05.00"" N",,"017° 28' 23.00"" E"
KOLOB,,"54° 49' 23.00"" N",,"014° 56' 39.00"" E"
KONAM,,"52° 14' 08.00"" N",,"020° 43' 01.00"" E"
KOTEK,,"52° 04' 03.00"" N",,"020° 37' 01.00"" E"
KOVOL,,"52° 05' 01.91"" N",,"021° 22' 31.07"" E"
KRASI,,"51° 01' 48.00"" N",,"022° 01' 19.00"" E"
KRT19,,"54° 16' 14.97"" N",,"018° 44' 56.00"" E"
KRT91,,"54° 16' 59.44"" N",,"018° 42' 48.44"" E"
KRW08,,"50° 04' 53.65"" N",,"019° 48' 57.56"" E"
KRW38,,"50° 05' 29.14"" N",,"019° 53' 31.62"" E"
KRW58,,"50° 05' 51.64"" N",,"019° 56' 34.71"" E"
KRW99,,"50° 09' 25.25"" N",,"020° 01' 58.68"" E"
KUBUK,,"50° 16' 13.00"" N",,"022° 13' 53.00"" E"
KUKAM,,"50° 48' 22.00"" N",,"020° 03' 38.00"" E"
KUKOP,,"52° 08' 52.00"" N",,"020° 24' 38.00"" E"
KULEK,,"53° 33' 10.00"" N",,"020° 30' 00.00"" E"
KULUV,,"51° 38' 52.00"" N",,"016° 20' 21.00"" E"
KUNER,,"55° 15' 31.00"" N",,"018° 26' 53.00"" E"
KURON,,"50° 37' 54.00"" N",,"020° 08' 53.00"" E"
KUTEV,,"52° 12' 53.00"" N",,"020° 55' 28.00"" E"
LAMID,,"52° 18' 39.00"" N",,"020° 43' 04.20"" E"
LARMA,,"55° 16' 30.25"" N",,"016° 30' 01.09"" E"
LASGU,,"53° 12' 40.00"" N",,"019° 10' 38.00"" E"
LASKU,,"52° 02' 48.00"" N",,"021° 04' 15.00"" E"
LATAG,,"51° 43' 18.00"" N",,"015° 44' 48.00"" E"
LATMI,,"55° 26' 55.00"" N",,"018° 10' 02.00"" E"
LAW08,,"52° 25' 08.40"" N",,"017° 04' 14.16"" E"
LETKI,,"52° 11' 17.00"" N",,"023° 24' 16.00"" E"
LIMKO,,"54° 02' 30.00"" N",,"021° 30' 00.00"" E"
LIMVI,,"51° 44' 42.00"" N",,"021° 41' 08.00"" E"
LODNI,,"53° 44' 13.00"" N",,"018° 37' 29.00"" E"
LOGDA,,"51° 17' 04.00"" N",,"020° 41' 38.00"" E"
LOLKA,,"49° 13' 12.00"" N",,"020° 06' 00.00"" E"
LOLKO,,"51° 41' 33.00"" N",,"015° 56' 06.00"" E"
LOLSI,,"52° 10' 39.00"" N",,"019° 52' 17.00"" E"
LUBEN,,"51° 13' 27.00"" N",,"019° 57' 27.00"" E"
LUGOL,,"49° 12' 20.00"" N",,"022° 44' 17.00"" E"
LUKOR,,"50° 35' 12.00"" N",,"020° 12' 16.00"" E"
LUPUX,,"50° 20' 10.00"" N",,"019° 01' 18.00"" E"
LURAD,,"50° 11' 31.00"" N",,"018° 34' 28.00"" E"
LUSID,,"54° 55' 00.00"" N",,"015° 17' 46.00"" E"
LUXAR,,"49° 55' 48.00"" N",,"021° 10' 31.00"" E"
MAGAN,,"52° 51' 00.00"" N",,"017° 37' 00.00"" E"
MAKOV,,"51° 08' 57.00"" N",,"019° 06' 43.00"" E"
MAPEX,,"53° 42' 22.00"" N",,"017° 00' 13.00"" E"
MAPIK,,"50° 31' 34.00"" N",,"018° 14' 51.00"" E"
MASAK,,"52° 00' 02.00"" N",,"021° 06' 39.00"" E"
MASOV,,"52° 12' 45.00"" N",,"020° 55' 04.00"" E"
MASUN,,"53° 38' 12.00"" N",,"015° 16' 36.00"" E"
MATEM,,"52° 05' 07.89"" N",,"020° 39' 46.00"" E"
MAXAM,,"49° 58' 25.00"" N",,"021° 22' 44.00"" E"
MIRVO,,"53° 23' 17.00"" N",,"015° 55' 15.00"" E"
MISKA,,"51° 11' 09.00"" N",,"016° 56' 04.00"" E"
MIXAT,,"51° 29' 18.00"" N",,"018° 00' 29.00"" E"
MOKOS,,"50° 30' 26.00"" N",,"019° 21' 22.00"" E"
MOLIL,,"52° 35' 32.00"" N",,"018° 00' 00.00"" E"
MOSIR,,"50° 12' 25.00"" N",,"022° 46' 30.00"" E"
MOTAD,,"55° 12' 34.00"" N",,"017° 30' 20.00"" E"
MYSKO,,"50° 32' 11.00"" N",,"019° 16' 46.00"" E"
NAKER,,"51° 29' 49.00"" N",,"021° 34' 49.00"" E"
NAROX,,"51° 12' 11.00"" N",,"015° 00' 38.00"" E"
NASOK,,"53° 05' 31.00"" N",,"019° 00' 23.00"" E"
NATIX,,"49° 55' 36.00"" N",,"021° 23' 01.00"" E"
NAVUR,,"51° 00' 47.00"" N",,"019° 54' 40.00"" E"
NAXAR,,"49° 45' 38.00"" N",,"019° 48' 45.00"" E"
NEREK,,"53° 08' 41.00"" N",,"018° 28' 20.00"" E"
NETIR,,"49° 41' 41.00"" N",,"018° 42' 32.00"" E"
NETOP,,"53° 32' 55.00"" N",,"015° 30' 16.00"" E"
NIDAS,,"51° 41' 42.65"" N",,"020° 58' 07.06"" E"
NISKA,,"52° 01' 06.68"" N",,"020° 48' 44.82"" E"
NKA10,,"52° 12' 14.41"" N",,"017° 09' 57.60"" E"
NKA53,,"52° 16' 57.62"" N",,"017° 06' 04.72"" E"
NOMIX,,"49° 56' 24.00"" N",,"018° 58' 45.00"" E"
NOSKU,,"51° 10' 07.00"" N",,"015° 52' 17.00"" E"
NUDRO,,"51° 09' 55.00"" N",,"017° 19' 32.00"" E"
NUMBA,,"50° 22' 32.00"" N",,"018° 06' 31.00"" E"
OBALU,,"50° 42' 39.00"" N",,"020° 06' 34.00"" E"
OBOKU,,"52° 15' 08.00"" N",,"018° 00' 00.00"" E"
OBOLA,,"52° 11' 41.57"" N",,"016° 12' 07.32"" E"
ODERA,,"50° 54' 16.00"" N",,"014° 59' 34.00"" E"
ODLOT,,"53° 29' 46.00"" N",,"017° 24' 14.00"" E"
ODRAP,,"49° 44' 31.00"" N",,"021° 50' 28.00"" E"
ODVOK,,"49° 48' 38.00"" N",,"020° 20' 05.00"" E"
OKE06,,"52° 17' 17.02"" N",,"020° 52' 47.24"" E"
OKE08,,"52° 09' 47.58"" N",,"020° 58' 44.09"" E"
OKE13,,"52° 01' 50.51"" N",,"021° 05' 35.67"" E"
OKE14,,"52° 02' 56.72"" N",,"021° 18' 20.66"" E"
OKE22,,"52° 10' 54.90"" N",,"020° 54' 13.94"" E"
OKE24,,"52° 14' 47.70"" N",,"020° 54' 28.73"" E"
OKE26,,"52° 01' 28.80"" N",,"021° 16' 00.05"" E"
OKE27,,"52° 08' 51.61"" N",,"021° 01' 25.27"" E"
OKE30,,"52° 27' 44.03"" N",,"020° 45' 38.76"" E"
OKE32,,"52° 23' 05.32"" N",,"020° 48' 49.68"" E"
OKE49,,"52° 05' 58.31"" N",,"021° 01' 38.77"" E"
OKE62,,"52° 08' 17.63"" N",,"020° 59' 25.20"" E"
OKE67,,"52° 12' 53.78"" N",,"020° 45' 01.78"" E"
OKE75,,"52° 05' 42.64"" N",,"021° 10' 27.37"" E"
OKENO,,"51° 34' 11.00"" N",,"018° 35' 38.00"" E"
OKTAS,,"50° 19' 56.00"" N",,"018° 20' 20.00"" E"
OKTOR,,"50° 35' 31.00"" N",,"019° 53' 29.00"" E"
OL021,,"53° 34' 40.28"" N",,"014° 54' 56.82"" E"
OLILA,,"52° 42' 16.00"" N",,"020° 19' 42.00"" E"
OLKIN,,"53° 46' 09.00"" N",,"020° 30' 00.00"" E"
OLUMA,,"51° 53' 48.00"" N",,"015° 45' 22.00"" E"
OMAVA,,"51° 23' 02.00"" N",,"021° 41' 17.00"" E"
OSKUD,,"53° 43' 03.00"" N",,"019° 45' 43.00"" E"
OSMAT,,"50° 14' 34.00"" N",,"023° 02' 44.00"" E"
PEKOT,,"50° 23' 18.00"" N",,"017° 26' 36.00"" E"
PETEL,,"51° 51' 32.46"" N",,"020° 40' 17.81"" E"
PEVUM,,"52° 18' 34.00"" N",,"018° 39' 27.00"" E"
PIGAT,,"50° 16' 28.00"" N",,"021° 40' 25.00"" E"
PIKAL,,"52° 13' 17.48"" N",,"019° 58' 36.92"" E"
PIVET,,"54° 52' 28.00"" N",,"015° 50' 23.00"" E"
PIXOR,,"53° 17' 19.00"" N",,"015° 28' 35.00"" E"
POBOK,,"50° 34' 59.00"" N",,"020° 13' 08.00"" E"
PODAN,,"49° 24' 46.00"" N",,"021° 26' 21.00"" E"
POKEN,,"54° 49' 11.00"" N",,"014° 33' 51.00"" E"
POZ09,,"52° 24' 50.04"" N",,"016° 51' 39.96"" E"
POZ26,,"52° 24' 18.78"" N",,"016° 54' 16.66"" E"
POZ63,,"52° 23' 08.16"" N",,"017° 00' 00.00"" E"
R0007,,"52° 19' 36.16"" N",,"016° 58' 57.60"" E"
R1294,,"53° 34' 38.56"" N",,"014° 54' 59.28"" E"
R1850,,"54° 22' 16.56"" N",,"018° 29' 30.18"" E"
R1851,,"51° 05' 56.26"" N",,"016° 53' 52.65"" E"
R1852,,"52° 25' 05.43"" N",,"016° 50' 27.94"" E"
R1853,,"52° 10' 17.32"" N",,"020° 56' 48.20"" E"
R1854,,"52° 08' 57.71"" N",,"020° 58' 53.18"" E"
R1855,,"50° 04' 47.24"" N",,"019° 47' 58.72"" E"
RANOK,,"54° 54' 46.00"" N",,"018° 57' 30.00"" E"
RASUT,,"51° 08' 44.00"" N",,"016° 15' 33.00"" E"
REDLU,,"52° 14' 07.00"" N",,"020° 42' 26.00"" E"
REDMO,,"53° 06' 39.00"" N",,"017° 32' 14.00"" E"
REGLI,,"50° 01' 49.00"" N",,"017° 59' 44.00"" E"
RILAB,,"50° 45' 55.00"" N",,"021° 48' 12.00"" E"
RINAM,,"49° 59' 39.00"" N",,"019° 21' 07.00"" E"
ROBOV,,"54° 15' 45.00"" N",,"015° 03' 21.00"" E"
RODAK,,"50° 36' 23.00"" N",,"020° 09' 46.00"" E"
ROGAL,,"50° 59' 13.00"" N",,"019° 29' 08.00"" E"
ROKED,,"50° 16' 44.00"" N",,"018° 06' 19.00"" E"
RONEX,,"52° 55' 21.00"" N",,"016° 13' 31.00"" E"
ROPIK,,"51° 27' 02.00"" N",,"016° 10' 36.00"" E"
ROTOL,,"50° 57' 57.00"" N",,"016° 17' 27.00"" E"
ROVEK,,"53° 22' 44.00"" N",,"014° 52' 54.00"" E"
RUDKA,,"52° 51' 05.00"" N",,"023° 55' 19.00"" E"
RUTUK,,"51° 35' 08.00"" N",,"022° 07' 28.00"" E"
SABAB,,"50° 46' 13.00"" N",,"017° 53' 57.00"" E"
SKAVI,,"49° 56' 25.00"" N",,"019° 54' 00.00"" E"
SOMOR,,"53° 13' 37.00"" N",,"019° 21' 01.00"" E"
SOMOX,,"51° 28' 05.00"" N",,"022° 26' 35.00"" E"
SOPEL,,"52° 01' 33.00"" N",,"020° 50' 52.00"" E"
SORIX,,"52° 41' 43.00"" N",,"019° 49' 12.00"" E"
SOSIK,,"52° 09' 35.00"" N",,"016° 29' 42.00"" E"
SOTET,,"53° 49' 47.00"" N",,"023° 33' 11.00"" E"
SOVAM,,"51° 26' 25.00"" N",,"016° 42' 52.00"" E"
SOXER,,"52° 02' 38.00"" N",,"019° 56' 06.00"" E"
SUBAX,,"51° 51' 57.00"" N",,"019° 07' 30.00"" E"
SUDOL,,"50° 39' 12.00"" N",,"018° 24' 42.00"" E"
SUROD,,"54° 37' 25.00"" N",,"016° 54' 16.00"" E"
SUVEK,,"50° 19' 05.00"" N",,"022° 40' 30.00"" E"
SZC08,,"53° 34' 12.72"" N",,"014° 55' 48.00"" E"
SZC28,,"53° 26' 55.32"" N",,"015° 04' 24.24"" E"
SZC38,,"53° 32' 16.39"" N",,"014° 59' 35.69"" E"
SZC62,,"53° 30' 42.24"" N",,"015° 02' 38.07"" E"
SZC81,,"53° 29' 27.65"" N",,"015° 05' 02.29"" E"
SZC86,,"53° 28' 04.44"" N",,"015° 03' 54.36"" E"
SZC92,,"53° 28' 44.45"" N",,"015° 06' 25.71"" E"
TADAK,,"53° 16' 57.00"" N",,"016° 53' 56.00"" E"
TELDU,,"50° 14' 53.00"" N",,"022° 44' 16.00"" E"
TEPNA,,"49° 30' 17.00"" N",,"022° 39' 22.00"" E"
TILAV,,"54° 24' 59.00"" N",,"015° 00' 00.00"" E"
TITAK,,"52° 11' 30.00"" N",,"019° 27' 48.00"" E"
TOLPA,,"51° 18' 10.00"" N",,"023° 38' 45.00"" E"
TOMKO,,"53° 41' 45.00"" N",,"015° 50' 34.00"" E"
TOMTI,,"50° 57' 11.00"" N",,"015° 17' 36.00"" E"
TOSPO,,"52° 00' 59.00"" N",,"023° 39' 53.00"" E"
TOXAR,,"52° 36' 48.00"" N",,"022° 32' 20.00"" E"
TUROL,,"53° 51' 31.00"" N",,"020° 30' 00.00"" E"
UNDUK,,"53° 34' 34.00"" N",,"017° 58' 35.00"" E"
UREKO,,"50° 37' 45.00"" N",,"022° 42' 31.00"" E"
UTOLU,,"51° 53' 49.00"" N",,"018° 52' 03.00"" E"
VABAT,,"52° 32' 36.00"" N",,"016° 11' 37.00"" E"
VAGSA,,"51° 19' 59.00"" N",,"017° 33' 21.00"" E"
VAKAD,,"49° 56' 28.00"" N",,"019° 23' 03.00"" E"
VALUD,,"52° 00' 43.00"" N",,"019° 33' 08.00"" E"
VAPOS,,"54° 47' 43.00"" N",,"017° 49' 36.00"" E"
VAREN,,"49° 53' 58.00"" N",,"022° 40' 06.00"" E"
VAVEK,,"52° 41' 24.00"" N",,"019° 12' 46.00"" E"
VAVEL,,"50° 03' 59.00"" N",,"019° 57' 43.00"" E"
VEBEX,,"50° 21' 48.00"" N",,"018° 28' 36.00"" E"
VELAB,,"51° 28' 11.00"" N",,"016° 44' 56.00"" E"
VELAV,,"52° 19' 05.00"" N",,"020° 51' 22.00"" E"
VELAX,,"50° 29' 20.00"" N",,"022° 31' 14.00"" E"
VENES,,"51° 08' 56.00"" N",,"021° 54' 38.00"" E"
VIBUL,,"54° 20' 30.00"" N",,"015° 16' 28.00"" E"
WA008,,"52° 08' 20.55"" N",,"020° 59' 24.73"" E"
WA032,,"52° 06' 07.75"" N",,"021° 01' 17.35"" E"
WA052,,"52° 04' 21.49"" N",,"021° 02' 47.31"" E"
WAS08,,"52° 10' 34.25"" N",,"020° 55' 54.95"" E"
WAS38,,"52° 11' 51.32"" N",,"020° 51' 30.85"" E"
WAS67,,"52° 13' 05.58"" N",,"020° 47' 15.05"" E"
WRO38,,"51° 04' 16.94"" N",,"016° 59' 00.50"" E"
WRO59,,"51° 03' 20.12"" N",,"017° 01' 58.74"" E"
WRO91,,"50° 59' 49.92"" N",,"017° 04' 14.16"" E"
XALUR,,"51° 50' 57.00"" N",,"019° 59' 00.00"" E"
XATOG,,"52° 27' 35.00"" N",,"021° 19' 56.00"" E"
XELBO,,"52° 00' 14.00"" N",,"021° 07' 24.00"" E"
XELET,,"50° 50' 15.00"" N",,"017° 07' 33.00"" E"
XELOL,,"54° 16' 39.00"" N",,"014° 53' 42.00"" E"
XEMOL,,"50° 00' 20.00"" N",,"020° 44' 25.00"" E"
XERKO,,"50° 52' 03.00"" N",,"017° 25' 17.00"" E"
XIDNA,,"51° 42' 00.00"" N",,"016° 59' 51.00"" E"
XIMBA,,"51° 39' 21.00"" N",,"021° 25' 40.00"" E"
